Workbook

Sheet MP
A1: Model Portfolio | D1: 전체 AUM (NAV) | F1: =VLOOKUP("300019",아이타스41718_편드편입비정보!$C:$AX,8,FALSE)/100000000 -> 216.87303 | J1: =VLOOKUP("300037",아이타스41718_편드편입비정보!$C:$AX,8,FALSE)/100000000 -> 182.49125 | N1: =VLOOKUP("300085",아이타스41718_편드편입비정보!$C:$AX,8,FALSE)/100000000 -> 196.78827 | R1: =VLOOKUP("300091",아이타스41718_편드편입비정보!$C:$AX,8,FALSE)/100000000 -> 47.834952 | V1: 주식수 계산기 | W1: 비중 | X1: 종목명 | Y1: 인컴2 주식수 | Z1: 블루1 주식수 | AA1: 블루3 주식수 | AB1: 현재가
A2: <파란글자만 key in> | D2: 채권 비중 | F2: =VLOOKUP("300019", 아이타스41718_편드편입비정보!$C:$AX, 16, FALSE)/100000000 -> 128.38331 | J2: =VLOOKUP("300037", 아이타스41718_편드편입비정보!$C:$AX, 16, FALSE)/100000000 -> 84.597055 | N2: =VLOOKUP("300085", 아이타스41718_편드편입비정보!$C:$AX, 16, FALSE)/100000000 -> 115.6991 | R2: =VLOOKUP("300091", 아이타스41718_편드편입비정보!$C:$AX, 16, FALSE)/100000000 -> 29.73575 | W2: 0.02 | X2: KODEX 레버리지 | Y2: =IF(OR($W$2="",$X$2="",$AB$2="",$AB$2=0),"",ROUND($W$2*F4*100000000/$AB$2,0)) -> 192 | Z2: =IF(OR($W$2="",$X$2="",$AB$2="",$AB$2=0),"",ROUND($W$2*J4*100000000/$AB$2,0)) -> 196 | AA2: =IF(OR($W$2="",$X$2="",$AB$2="",$AB$2=0),"",ROUND($W$2*N4*100000000/$AB$2,0)) -> 187 | AB2: 130000
A3: =COUNT(A7:A60) -> 34 | B3: 종목 | C3: =B70 -> 1.02 | D3: 주식 가능금액 (현금포함) | F3: =F1-F2-F69 -> 83.323716 | G3: =F70 -> 80.1512 | H3: 현금 비중 | J3: =J1-J2-J69 -> 85.104899 | K3: =J70 -> 80.83534 | L3: 현금 비중 | N3: =N1-N2-N69 -> 81.089173 | O3: =N70 -> 79.494935 | P3: 현금 비중 | R3: =R1-R2-R69 -> 16.275602 | S3: =R70 -> 14.381865 | T3: 현금 비중 | W3: > key in | AB3: =IF($X$2="","",IFERROR(INDEX(인컴2!L:L,MATCH($X$2,인컴2!E:E,0)),IFERROR(INDEX(블루1!L:L,MATCH($X$2,블루1!E:E,0)),IFERROR(INDEX(블루3!L:L,MATCH($X$2,블루3!E:E,0)),"")))) | AC3: > 현재가 함수
D4: 현금 목표금액 (Risk off 시 20%) | E4: 0.15 | F4: =F3*($E$4) -> 12.498557 | G4: =F3-G3 -> 3.1725155 | H4: =(F3-G3)/F3 -> 0.03807458 | J4: =J3*($E$4) -> 12.765735 | K4: =J3-K3 -> 4.2695591 | L4: =(J3-K3)/J3 -> 0.050168194 | N4: =N3*($E$4) -> 12.163376 | O4: =N3-O3 -> 1.594238 | P4: =(N3-O3)/N3 -> 0.019660306 | R4: =R3*($E$4) -> 2.4413404 | S4: =R3-S3 -> 1.8937373 | T4: =(R3-S3)/R3 -> 0.11635436
A5: No | B5: 섹터 | C5: 세부 | D5: 종목명 | E5: 목표 | F5: 인컴2 | J5: 블루1 | N5: 블루3 | R5: 블루4 | V5: 종목명(원본) > 종목명 채우면 자동 매핑 | W5: 현재가
F6: 평가 | G6: 비중 | H6: diff. | I6: 수익률 | J6: 평가금액 | K6: 비중 | L6: 목표 차이 | M6: 수익률 | N6: 평가금액 | O6: 비중 | P6: 목표 차이 | Q6: 수익률 | R6: 평가금액 | S6: 비중 | T6: 목표 차이 | U6: 수익률 | Y6: 누락 종목 필터링
A7: 1 | B7: 테크 | C7: 반도체 | D7: =IF(V7="","",IFERROR(INDEX(인컴2!E:E,MATCH(V7,인컴2!E:E,0)),IFERROR(INDEX(블루1!E:E,MATCH(V7,블루1!E:E,0)),IFERROR(INDEX(블루3!E:E,MATCH(V7,블루3!E:E,0)),V7)))) -> RISE 네트워크인프라 | E7: 0.15 | F7: =IF($D7="","",SUMIF(인컴2!$E:$E,$D7,인컴2!$N:$N)/100000000) -> 12.71685 | G7: =IFERROR(F7/F$3, "") -> 0.15261981 | H7: =IFERROR(IF(F7>0,($E7-G7)*G$3*100000000/$W7,""),"") -> -280.70486 | I7: =IFERROR(INDEX(인컴2!$Q:$Q,MATCH($D7,인컴2!$E:$E,0))/100,"") -> 0.1849 | J7: =IF($D7="","",SUMIF(블루1!$E:$E,$D7,블루1!$N:$N)/100000000) -> 12.7347 | K7: =IFERROR(J7/J$3, "") -> 0.14963533 | L7: =IFERROR(IF(J7>0,($E7-K7)*K$3*100000000/$W7,""),"") -> 39.40632 | M7: =IFERROR(INDEX(블루1!$Q:$Q,MATCH($D7,블루1!$E:$E,0))/100,"") -> 0.1865 | N7: =IF($D7="","",SUMIF(블루3!$E:$E,$D7,블루3!$N:$N)/100000000) -> 12.7347 | O7: =IFERROR(N7/N$3, "") -> 0.15704563 | P7: =IFERROR(IF(N7>0,($E7-O7)*O$3*100000000/$W7,""),"") -> -748.73558 | Q7: =IFERROR(INDEX(블루3!$Q:$Q,MATCH($D7,블루3!$E:$E,0))/100,"") -> 0.1864 | R7: =IF($D7="","",SUMIF(블루4!$E:$E,$D7,블루4!$N:$N)/100000000) -> 0 | S7: =IFERROR(R7/R$3, "") -> 0 | T7: =IFERROR(IF(R7>0,($E7-S7)*S$3*100000000/$W7,""),"") | U7: =IFERROR(INDEX(블루4!$Q:$Q,MATCH($D7,블루4!$E:$E,0))/100,"") | V7: RISE 네트워크인프라 | W7: =IFERROR(INDEX(인컴2!$E$1:$Q$47, MATCH(V7, 인컴2!E:E, 0), 8), "") -> 74805 | Y7: {=_xlfn.LET(_xlpm.a,_xlfn._xlws.FILTER(인컴2!E$3:E$500,인컴2!E$3:E$500<>""),_xlpm.b,_xlfn._xlws.FILTER(블루1!E$3:E$500,블루1!E$3:E$500<>""),_xlpm.c,_xlfn._xlws.FILTER(블루3!E$3:E$500,블루3!E$3:E$500<>""),_xlpm.d,_xlfn._xlws.FILTER(블루4!E$3:E$500,블루4!E$3:E$500<>""),_xlpm.all,_xlfn.UNIQUE(_xlfn.VSTACK(_xlpm.a,_xlpm.b,_xlpm.c,_xlpm.d)),IFERROR(_xlfn._xlws.SORT(_xlfn._xlws.FILTER(_xlpm.all,COUNTIF($D$7:$D$68,_xlpm.all)=0)),"누락 종목 없음"))} -> RF머트리얼즈
A8: 2 | B8: =SUM(E7:E23) -> 0.625 | C8: 반도체 | D8: =IF(V8="","",IFERROR(INDEX(인컴2!E:E,MATCH(V8,인컴2!E:E,0)),IFERROR(INDEX(블루1!E:E,MATCH(V8,블루1!E:E,0)),IFERROR(INDEX(블루3!E:E,MATCH(V8,블루3!E:E,0)),V8)))) -> 삼성전자 | E8: 0.04 | F8: =IF($D8="","",SUMIF(인컴2!$E:$E,$D8,인컴2!$N:$N)/100000000) -> 3.185 | G8: =IFERROR(F8/F$3, "") -> 0.038224412 | H8: =IFERROR(IF(F8>0,($E8-G8)*G$3*100000000/$W8,""),"") -> 44.683058 | I8: =IFERROR(INDEX(인컴2!$Q:$Q,MATCH($D8,인컴2!$E:$E,0))/100,"") -> -0.1142 | J8: =IF($D8="","",SUMIF(블루1!$E:$E,$D8,블루1!$N:$N)/100000000) -> 3.165 | K8: =IFERROR(J8/J$3, "") -> 0.037189398 | L8: =IFERROR(IF(J8>0,($E8-K8)*K$3*100000000/$W8,""),"") -> 71.333103 | M8: =IFERROR(INDEX(블루1!$Q:$Q,MATCH($D8,블루1!$E:$E,0))/100,"") -> -0.1197 | N8: =IF($D8="","",SUMIF(블루3!$E:$E,$D8,블루3!$N:$N)/100000000) -> 3.165 | O8: =IFERROR(N8/N$3, "") -> 0.039031105 | P8: =IFERROR(IF(N8>0,($E8-O8)*O$3*100000000/$W8,""),"") -> 24.182816 | Q8: =IFERROR(INDEX(블루3!$Q:$Q,MATCH($D8,블루3!$E:$E,0))/100,"") -> -0.1203 | R8: =IF($D8="","",SUMIF(블루4!$E:$E,$D8,블루4!$N:$N)/100000000) -> 2.532 | S8: =IFERROR(R8/R$3, "") -> 0.15557028 | T8: =IFERROR(IF(R8>0,($E8-S8)*S$3*100000000/$W8,""),"") -> -521.8575 | U8: =IFERROR(INDEX(블루4!$Q:$Q,MATCH($D8,블루4!$E:$E,0))/100,"") -> -0.1154 | V8: 삼성전자 | W8: =IFERROR(INDEX(인컴2!$E$1:$Q$47, MATCH(V8, 인컴2!E:E, 0), 8), "") -> 318500 | Y8: SOL 초단기채권액티브
A9: 3 | C9: 반도체 | D9: =IF(V9="","",IFERROR(INDEX(인컴2!E:E,MATCH(V9,인컴2!E:E,0)),IFERROR(INDEX(블루1!E:E,MATCH(V9,블루1!E:E,0)),IFERROR(INDEX(블루3!E:E,MATCH(V9,블루3!E:E,0)),V9)))) -> SK하이닉스 | E9: 0.04 | F9: =IF($D9="","",SUMIF(인컴2!$E:$E,$D9,인컴2!$N:$N)/100000000) -> 1.217 | G9: =IFERROR(F9/F$3, "") -> 0.014605686 | H9: =IFERROR(IF(F9>0,($E9-G9)*G$3*100000000/$W9,""),"") -> 83.623039 | I9: =IFERROR(INDEX(인컴2!$Q:$Q,MATCH($D9,인컴2!$E:$E,0))/100,"") -> 0.0833 | J9: =IF($D9="","",SUMIF(블루1!$E:$E,$D9,블루1!$N:$N)/100000000) -> 1.2145 | K9: =IFERROR(J9/J$3, "") -> 0.014270624 | L9: =IFERROR(IF(J9>0,($E9-K9)*K$3*100000000/$W9,""),"") -> 85.449584 | M9: =IFERROR(INDEX(블루1!$Q:$Q,MATCH($D9,블루1!$E:$E,0))/100,"") -> 0.0811 | N9: =IF($D9="","",SUMIF(블루3!$E:$E,$D9,블루3!$N:$N)/100000000) -> 1.2145 | O9: =IFERROR(N9/N$3, "") -> 0.014977339 | P9: =IFERROR(IF(N9>0,($E9-O9)*O$3*100000000/$W9,""),"") -> 81.724521 | Q9: =IFERROR(INDEX(블루3!$Q:$Q,MATCH($D9,블루3!$E:$E,0))/100,"") -> 0.0811 | R9: =IF($D9="","",SUMIF(블루4!$E:$E,$D9,블루4!$N:$N)/100000000) -> 1.9432 | S9: =IFERROR(R9/R$3, "") -> 0.11939343 | T9: =IFERROR(IF(R9>0,($E9-S9)*S$3*100000000/$W9,""),"") -> -46.911487 | U9: =IFERROR(INDEX(블루4!$Q:$Q,MATCH($D9,블루4!$E:$E,0))/100,"") -> -0.1302 | V9: SK하이닉스 | W9: =IFERROR(INDEX(인컴2!$E$1:$Q$47, MATCH(V9, 인컴2!E:E, 0), 8), "") -> 2434000 | Y9: 레몬헬스케어
A10: 4 | C10: 반도체 | D10: =IF(V10="","",IFERROR(INDEX(인컴2!E:E,MATCH(V10,인컴2!E:E,0)),IFERROR(INDEX(블루1!E:E,MATCH(V10,블루1!E:E,0)),IFERROR(INDEX(블루3!E:E,MATCH(V10,블루3!E:E,0)),V10)))) -> SK스퀘어 | E10: 0.02 | F10: =IF($D10="","",SUMIF(인컴2!$E:$E,$D10,인컴2!$N:$N)/100000000) -> 1.8249 | G10: =IFERROR(F10/F$3, "") -> 0.021901328 | H10: =IFERROR(IF(F10>0,($E10-G10)*G$3*100000000/$W10,""),"") -> -9.1858769 | I10: =IFERROR(INDEX(인컴2!$Q:$Q,MATCH($D10,인컴2!$E:$E,0))/100,"") -> -0.1374 | J10: =IF($D10="","",SUMIF(블루1!$E:$E,$D10,블루1!$N:$N)/100000000) -> 1.8073 | K10: =IFERROR(J10/J$3, "") -> 0.021236145 | L10: =IFERROR(IF(J10>0,($E10-K10)*K$3*100000000/$W10,""),"") -> -6.0231599 | M10: =IFERROR(INDEX(블루1!$Q:$Q,MATCH($D10,블루1!$E:$E,0))/100,"") -> -0.145 | N10: =IF($D10="","",SUMIF(블루3!$E:$E,$D10,블루3!$N:$N)/100000000) -> 1.8073 | O10: =IFERROR(N10/N$3, "") -> 0.022287809 | P10: =IFERROR(IF(N10>0,($E10-O10)*O$3*100000000/$W10,""),"") -> -10.962582 | Q10: =IFERROR(INDEX(블루3!$Q:$Q,MATCH($D10,블루3!$E:$E,0))/100,"") -> -0.1451 | R10: =IF($D10="","",SUMIF(블루4!$E:$E,$D10,블루4!$N:$N)/100000000) -> 0.8215 | S10: =IFERROR(R10/R$3, "") -> 0.050474322 | T10: =IFERROR(IF(R10>0,($E10-S10)*S$3*100000000/$W10,""),"") -> -26.418179 | U10: =IFERROR(INDEX(블루4!$Q:$Q,MATCH($D10,블루4!$E:$E,0))/100,"") -> -0.1224 | V10: SK스퀘어 | W10: =IFERROR(INDEX(인컴2!$E$1:$Q$47, MATCH(V10, 인컴2!E:E, 0), 8), "") -> 1659000 | Y10: 메쥬
A11: 5 | C11: MLCC | D11: =IF(V11="","",IFERROR(INDEX(인컴2!E:E,MATCH(V11,인컴2!E:E,0)),IFERROR(INDEX(블루1!E:E,MATCH(V11,블루1!E:E,0)),IFERROR(INDEX(블루3!E:E,MATCH(V11,블루3!E:E,0)),V11)))) -> 삼성전기우 | E11: 0.02 | F11: =IF($D11="","",SUMIF(인컴2!$E:$E,$D11,인컴2!$N:$N)/100000000) -> 1.6725 | G11: =IFERROR(F11/F$3, "") -> 0.020072317 | H11: =IFERROR(IF(F11>0,($E11-G11)*G$3*100000000/$W11,""),"") -> -0.8664072 | I11: =IFERROR(INDEX(인컴2!$Q:$Q,MATCH($D11,인컴2!$E:$E,0))/100,"") -> -0.2594 | J11: =IF($D11="","",SUMIF(블루1!$E:$E,$D11,블루1!$N:$N)/100000000) -> 1.6725 | K11: =IFERROR(J11/J$3, "") -> 0.019652218 | L11: =IFERROR(IF(J11>0,($E11-K11)*K$3*100000000/$W11,""),"") -> 4.2022577 | M11: =IFERROR(INDEX(블루1!$Q:$Q,MATCH($D11,블루1!$E:$E,0))/100,"") -> -0.2594 | N11: =IF($D11="","",SUMIF(블루3!$E:$E,$D11,블루3!$N:$N)/100000000) -> 1.6725 | O11: =IFERROR(N11/N$3, "") -> 0.020625442 | P11: =IFERROR(IF(N11>0,($E11-O11)*O$3*100000000/$W11,""),"") -> -7.431904 | Q11: =IFERROR(INDEX(블루3!$Q:$Q,MATCH($D11,블루3!$E:$E,0))/100,"") -> -0.2598 | R11: =IF($D11="","",SUMIF(블루4!$E:$E,$D11,블루4!$N:$N)/100000000) -> 1.6725 | S11: =IFERROR(R11/R$3, "") -> 0.10276117 | T11: =IFERROR(IF(R11>0,($E11-S11)*S$3*100000000/$W11,""),"") -> -177.9163 | U11: =IFERROR(INDEX(블루4!$Q:$Q,MATCH($D11,블루4!$E:$E,0))/100,"") -> -0.2594 | V11: 삼성전기우 | W11: =IFERROR(INDEX(인컴2!$E$1:$Q$47, MATCH(V11, 인컴2!E:E, 0), 8), "") -> 669000 | Y11: 아이엠바이오로직스
A12: 6 | C12: 소부장 | D12: =IF(V12="","",IFERROR(INDEX(인컴2!E:E,MATCH(V12,인컴2!E:E,0)),IFERROR(INDEX(블루1!E:E,MATCH(V12,블루1!E:E,0)),IFERROR(INDEX(블루3!E:E,MATCH(V12,블루3!E:E,0)),V12)))) -> HANARO 반도체핵심공정주도주 | E12: 0.035 | F12: =IF($D12="","",SUMIF(인컴2!$E:$E,$D12,인컴2!$N:$N)/100000000) -> 2.24925 | G12: =IFERROR(F12/F$3, "") -> 0.026994115 | H12: =IFERROR(IF(F12>0,($E12-G12)*G$3*100000000/$W12,""),"") -> 4279.3014 | I12: =IFERROR(INDEX(인컴2!$Q:$Q,MATCH($D12,인컴2!$E:$E,0))/100,"") -> 0.0032 | J12: =IF($D12="","",SUMIF(블루1!$E:$E,$D12,블루1!$N:$N)/100000000) -> 2.24175 | K12: =IFERROR(J12/J$3, "") -> 0.026341022 | L12: =IFERROR(IF(J12>0,($E12-K12)*K$3*100000000/$W12,""),"") -> 4667.899 | M12: =IFERROR(INDEX(블루1!$Q:$Q,MATCH($D12,블루1!$E:$E,0))/100,"") -> 0 | N12: =IF($D12="","",SUMIF(블루3!$E:$E,$D12,블루3!$N:$N)/100000000) -> 2.24175 | O12: =IFERROR(N12/N$3, "") -> 0.027645491 | P12: =IFERROR(IF(N12>0,($E12-O12)*O$3*100000000/$W12,""),"") -> 3898.9411 | Q12: =IFERROR(INDEX(블루3!$Q:$Q,MATCH($D12,블루3!$E:$E,0))/100,"") -> -0.0002 | R12: =IF($D12="","",SUMIF(블루4!$E:$E,$D12,블루4!$N:$N)/100000000) -> 0 | S12: =IFERROR(R12/R$3, "") -> 0 | T12: =IFERROR(IF(R12>0,($E12-S12)*S$3*100000000/$W12,""),"") | U12: =IFERROR(INDEX(블루4!$Q:$Q,MATCH($D12,블루4!$E:$E,0))/100,"") | V12: HANARO 반도체핵심공정주도주 | W12: =IFERROR(INDEX(인컴2!$E$1:$Q$47, MATCH(V12, 인컴2!E:E, 0), 8), "") -> 14995 | Y12: 져스텍
A13: 7 | C13: 소부장 | D13: =IF(V13="","",IFERROR(INDEX(인컴2!E:E,MATCH(V13,인컴2!E:E,0)),IFERROR(INDEX(블루1!E:E,MATCH(V13,블루1!E:E,0)),IFERROR(INDEX(블루3!E:E,MATCH(V13,블루3!E:E,0)),V13)))) -> SOL 반도체전공정 | E13: 0.035 | F13: =IF($D13="","",SUMIF(인컴2!$E:$E,$D13,인컴2!$N:$N)/100000000) -> 2.442 | G13: =IFERROR(F13/F$3, "") -> 0.029307382 | H13: =IFERROR(IF(F13>0,($E13-G13)*G$3*100000000/$W13,""),"") -> 1868.428 | I13: =IFERROR(INDEX(인컴2!$Q:$Q,MATCH($D13,인컴2!$E:$E,0))/100,"") -> -0.0229 | J13: =IF($D13="","",SUMIF(블루1!$E:$E,$D13,블루1!$N:$N)/100000000) -> 2.4405 | K13: =IFERROR(J13/J$3, "") -> 0.028676375 | L13: =IFERROR(IF(J13>0,($E13-K13)*K$3*100000000/$W13,""),"") -> 2093.253 | M13: =IFERROR(INDEX(블루1!$Q:$Q,MATCH($D13,블루1!$E:$E,0))/100,"") -> -0.0235 | N13: =IF($D13="","",SUMIF(블루3!$E:$E,$D13,블루3!$N:$N)/100000000) -> 2.4405 | O13: =IFERROR(N13/N$3, "") -> 0.030096496 | P13: =IFERROR(IF(N13>0,($E13-O13)*O$3*100000000/$W13,""),"") -> 1596.2478 | Q13: =IFERROR(INDEX(블루3!$Q:$Q,MATCH($D13,블루3!$E:$E,0))/100,"") -> -0.0237 | R13: =IF($D13="","",SUMIF(블루4!$E:$E,$D13,블루4!$N:$N)/100000000) -> 0 | S13: =IFERROR(R13/R$3, "") -> 0 | T13: =IFERROR(IF(R13>0,($E13-S13)*S$3*100000000/$W13,""),"") | U13: =IFERROR(INDEX(블루4!$Q:$Q,MATCH($D13,블루4!$E:$E,0))/100,"") | V13: SOL 반도체전공정 | W13: =IFERROR(INDEX(인컴2!$E$1:$Q$47, MATCH(V13, 인컴2!E:E, 0), 8), "") -> 24420 | Y13: 코스모로보틱스
A14: 8 | C14: 소부장 | D14: =IF(V14="","",IFERROR(INDEX(인컴2!E:E,MATCH(V14,인컴2!E:E,0)),IFERROR(INDEX(블루1!E:E,MATCH(V14,블루1!E:E,0)),IFERROR(INDEX(블루3!E:E,MATCH(V14,블루3!E:E,0)),V14)))) -> SOL 반도체후공정 | E14: 0.035 | F14: =IF($D14="","",SUMIF(인컴2!$E:$E,$D14,인컴2!$N:$N)/100000000) -> 1.90505 | G14: =IFERROR(F14/F$3, "") -> 0.022863239 | H14: =IFERROR(IF(F14>0,($E14-G14)*G$3*100000000/$W14,""),"") -> 3574.4111 | I14: =IFERROR(INDEX(인컴2!$Q:$Q,MATCH($D14,인컴2!$E:$E,0))/100,"") -> -0.1793 | J14: =IF($D14="","",SUMIF(블루1!$E:$E,$D14,블루1!$N:$N)/100000000) -> 1.904 | K14: =IFERROR(J14/J$3, "") -> 0.02237239 | L14: =IFERROR(IF(J14>0,($E14-K14)*K$3*100000000/$W14,""),"") -> 3750.7152 | M14: =IFERROR(INDEX(블루1!$Q:$Q,MATCH($D14,블루1!$E:$E,0))/100,"") -> -0.1798 | N14: =IF($D14="","",SUMIF(블루3!$E:$E,$D14,블루3!$N:$N)/100000000) -> 1.904 | O14: =IFERROR(N14/N$3, "") -> 0.023480323 | P14: =IFERROR(IF(N14>0,($E14-O14)*O$3*100000000/$W14,""),"") -> 3364.8942 | Q14: =IFERROR(INDEX(블루3!$Q:$Q,MATCH($D14,블루3!$E:$E,0))/100,"") -> -0.1801 | R14: =IF($D14="","",SUMIF(블루4!$E:$E,$D14,블루4!$N:$N)/100000000) -> 0 | S14: =IFERROR(R14/R$3, "") -> 0 | T14: =IFERROR(IF(R14>0,($E14-S14)*S$3*100000000/$W14,""),"") | U14: =IFERROR(INDEX(블루4!$Q:$Q,MATCH($D14,블루4!$E:$E,0))/100,"") | V14: SOL 반도체후공정 | W14: =IFERROR(INDEX(인컴2!$E$1:$Q$47, MATCH(V14, 인컴2!E:E, 0), 8), "") -> 27215 | Y14: 폴레드
A15: 9 | C15: 중국 테크 | D15: =IF(V15="","",IFERROR(INDEX(인컴2!E:E,MATCH(V15,인컴2!E:E,0)),IFERROR(INDEX(블루1!E:E,MATCH(V15,블루1!E:E,0)),IFERROR(INDEX(블루3!E:E,MATCH(V15,블루3!E:E,0)),V15)))) -> TIME 차이나AI테크액티브 | E15: 0.035 | F15: =IF($D15="","",SUMIF(인컴2!$E:$E,$D15,인컴2!$N:$N)/100000000) -> 3.4047 | G15: =IFERROR(F15/F$3, "") -> 0.040861116 | H15: =IFERROR(IF(F15>0,($E15-G15)*G$3*100000000/$W15,""),"") -> -1793.7208 | I15: =IFERROR(INDEX(인컴2!$Q:$Q,MATCH($D15,인컴2!$E:$E,0))/100,"") -> 0.3466 | J15: =IF($D15="","",SUMIF(블루1!$E:$E,$D15,블루1!$N:$N)/100000000) -> 2.8864 | K15: =IFERROR(J15/J$3, "") -> 0.033915791 | L15: =IFERROR(IF(J15>0,($E15-K15)*K$3*100000000/$W15,""),"") -> 334.64061 | M15: =IFERROR(INDEX(블루1!$Q:$Q,MATCH($D15,블루1!$E:$E,0))/100,"") -> 0.2246 | N15: =IF($D15="","",SUMIF(블루3!$E:$E,$D15,블루3!$N:$N)/100000000) -> 2.8864 | O15: =IFERROR(N15/N$3, "") -> 0.035595381 | P15: =IFERROR(IF(N15>0,($E15-O15)*O$3*100000000/$W15,""),"") -> -180.71694 | Q15: =IFERROR(INDEX(블루3!$Q:$Q,MATCH($D15,블루3!$E:$E,0))/100,"") -> 0.2231 | R15: =IF($D15="","",SUMIF(블루4!$E:$E,$D15,블루4!$N:$N)/100000000) -> 0 | S15: =IFERROR(R15/R$3, "") -> 0 | T15: =IFERROR(IF(R15>0,($E15-S15)*S$3*100000000/$W15,""),"") | U15: =IFERROR(INDEX(블루4!$Q:$Q,MATCH($D15,블루4!$E:$E,0))/100,"") | V15: TIME 차이나AI테크액티브 | W15: =IFERROR(INDEX(인컴2!$E$1:$Q$47, MATCH(V15, 인컴2!E:E, 0), 8), "") -> 26190
A16: 10 | C16: 미국 테크 | D16: =IF(V16="","",IFERROR(INDEX(인컴2!E:E,MATCH(V16,인컴2!E:E,0)),IFERROR(INDEX(블루1!E:E,MATCH(V16,블루1!E:E,0)),IFERROR(INDEX(블루3!E:E,MATCH(V16,블루3!E:E,0)),V16)))) -> HANARO 미국AI메모리반도체TOP4+ | E16: 0.03 | F16: =IF($D16="","",SUMIF(인컴2!$E:$E,$D16,인컴2!$N:$N)/100000000) -> 2.32915 | G16: =IFERROR(F16/F$3, "") -> 0.027953026 | H16: =IFERROR(IF(F16>0,($E16-G16)*G$3*100000000/$W16,""),"") -> 1303.1565 | I16: =IFERROR(INDEX(인컴2!$Q:$Q,MATCH($D16,인컴2!$E:$E,0))/100,"") -> 0.0309 | J16: =IF($D16="","",SUMIF(블루1!$E:$E,$D16,블루1!$N:$N)/100000000) -> 2.32545 | K16: =IFERROR(J16/J$3, "") -> 0.027324514 | L16: =IFERROR(IF(J16>0,($E16-K16)*K$3*100000000/$W16,""),"") -> 1717.8223 | M16: =IFERROR(INDEX(블루1!$Q:$Q,MATCH($D16,블루1!$E:$E,0))/100,"") -> 0.0292 | N16: =IF($D16="","",SUMIF(블루3!$E:$E,$D16,블루3!$N:$N)/100000000) -> 2.32545 | O16: =IFERROR(N16/N$3, "") -> 0.028677688 | P16: =IFERROR(IF(N16>0,($E16-O16)*O$3*100000000/$W16,""),"") -> 834.92541 | Q16: =IFERROR(INDEX(블루3!$Q:$Q,MATCH($D16,블루3!$E:$E,0))/100,"") -> 0.029 | R16: =IF($D16="","",SUMIF(블루4!$E:$E,$D16,블루4!$N:$N)/100000000) -> 0 | S16: =IFERROR(R16/R$3, "") -> 0 | T16: =IFERROR(IF(R16>0,($E16-S16)*S$3*100000000/$W16,""),"") | U16: =IFERROR(INDEX(블루4!$Q:$Q,MATCH($D16,블루4!$E:$E,0))/100,"") | V16: HANARO 미국AI메모리반도체TOP4+ | W16: =IFERROR(INDEX(인컴2!$E$1:$Q$47, MATCH(V16, 인컴2!E:E, 0), 8), "") -> 12590
A17: 11 | C17: 미국 테크 | D17: =IF(V17="","",IFERROR(INDEX(인컴2!E:E,MATCH(V17,인컴2!E:E,0)),IFERROR(INDEX(블루1!E:E,MATCH(V17,블루1!E:E,0)),IFERROR(INDEX(블루3!E:E,MATCH(V17,블루3!E:E,0)),V17)))) -> ACE 글로벌AI맞춤형반도체 | E17: 0.03 | F17: =IF($D17="","",SUMIF(인컴2!$E:$E,$D17,인컴2!$N:$N)/100000000) -> 2.0132 | G17: =IFERROR(F17/F$3, "") -> 0.024161189 | H17: =IFERROR(IF(F17>0,($E17-G17)*G$3*100000000/$W17,""),"") -> 1859.6771 | I17: =IFERROR(INDEX(인컴2!$Q:$Q,MATCH($D17,인컴2!$E:$E,0))/100,"") -> -0.0667 | J17: =IF($D17="","",SUMIF(블루1!$E:$E,$D17,블루1!$N:$N)/100000000) -> 2.0124 | K17: =IFERROR(J17/J$3, "") -> 0.023646112 | L17: =IFERROR(IF(J17>0,($E17-K17)*K$3*100000000/$W17,""),"") -> 2041.0041 | M17: =IFERROR(INDEX(블루1!$Q:$Q,MATCH($D17,블루1!$E:$E,0))/100,"") -> -0.0671 | N17: =IF($D17="","",SUMIF(블루3!$E:$E,$D17,블루3!$N:$N)/100000000) -> 2.0124 | O17: =IFERROR(N17/N$3, "") -> 0.024817123 | P17: =IFERROR(IF(N17>0,($E17-O17)*O$3*100000000/$W17,""),"") -> 1637.244 | Q17: =IFERROR(INDEX(블루3!$Q:$Q,MATCH($D17,블루3!$E:$E,0))/100,"") -> -0.0672 | R17: =IF($D17="","",SUMIF(블루4!$E:$E,$D17,블루4!$N:$N)/100000000) -> 0 | S17: =IFERROR(R17/R$3, "") -> 0 | T17: =IFERROR(IF(R17>0,($E17-S17)*S$3*100000000/$W17,""),"") | U17: =IFERROR(INDEX(블루4!$Q:$Q,MATCH($D17,블루4!$E:$E,0))/100,"") | V17: ACE 글로벌AI맞춤형반도체 | W17: =IFERROR(INDEX(인컴2!$E$1:$Q$47, MATCH(V17, 인컴2!E:E, 0), 8), "") -> 25165
A18: 12 | C18: 소부장 | D18: =IF(V18="","",IFERROR(INDEX(인컴2!E:E,MATCH(V18,인컴2!E:E,0)),IFERROR(INDEX(블루1!E:E,MATCH(V18,블루1!E:E,0)),IFERROR(INDEX(블루3!E:E,MATCH(V18,블루3!E:E,0)),V18)))) -> 싸이맥스 | E18: 0.045 | F18: =IF($D18="","",SUMIF(인컴2!$E:$E,$D18,인컴2!$N:$N)/100000000) -> 3.685 | G18: =IFERROR(F18/F$3, "") -> 0.044225104 | H18: =IFERROR(IF(F18>0,($E18-G18)*G$3*100000000/$W18,""),"") -> 168.54499 | I18: =IFERROR(INDEX(인컴2!$Q:$Q,MATCH($D18,인컴2!$E:$E,0))/100,"") -> 0.0603 | J18: =IF($D18="","",SUMIF(블루1!$E:$E,$D18,블루1!$N:$N)/100000000) -> 3.68 | K18: =IFERROR(J18/J$3, "") -> 0.043240754 | L18: =IFERROR(IF(J18>0,($E18-K18)*K$3*100000000/$W18,""),"") -> 385.91385 | M18: =IFERROR(INDEX(블루1!$Q:$Q,MATCH($D18,블루1!$E:$E,0))/100,"") -> 0.0588 | N18: =IF($D18="","",SUMIF(블루3!$E:$E,$D18,블루3!$N:$N)/100000000) -> 3.68 | O18: =IFERROR(N18/N$3, "") -> 0.045382138 | P18: =IFERROR(IF(N18>0,($E18-O18)*O$3*100000000/$W18,""),"") -> -82.436901 | Q18: =IFERROR(INDEX(블루3!$Q:$Q,MATCH($D18,블루3!$E:$E,0))/100,"") -> 0.0588 | R18: =IF($D18="","",SUMIF(블루4!$E:$E,$D18,블루4!$N:$N)/100000000) -> 0 | S18: =IFERROR(R18/R$3, "") -> 0 | T18: =IFERROR(IF(R18>0,($E18-S18)*S$3*100000000/$W18,""),"") | U18: =IFERROR(INDEX(블루4!$Q:$Q,MATCH($D18,블루4!$E:$E,0))/100,"") | V18: 싸이맥스 | W18: =IFERROR(INDEX(인컴2!$E$1:$Q$47, MATCH(V18, 인컴2!E:E, 0), 8), "") -> 36850
A19: 13 | C19: CCL | D19: =IF(V19="","",IFERROR(INDEX(인컴2!E:E,MATCH(V19,인컴2!E:E,0)),IFERROR(INDEX(블루1!E:E,MATCH(V19,블루1!E:E,0)),IFERROR(INDEX(블루3!E:E,MATCH(V19,블루3!E:E,0)),V19)))) -> 두산 | E19: 0.03 | F19: =IF($D19="","",SUMIF(인컴2!$E:$E,$D19,인컴2!$N:$N)/100000000) -> 2.5007 | G19: =IFERROR(F19/F$3, "") -> 0.030011864 | H19: =IFERROR(IF(F19>0,($E19-G19)*G$3*100000000/$W19,""),"") -> -0.064642873 | I19: =IFERROR(INDEX(인컴2!$Q:$Q,MATCH($D19,인컴2!$E:$E,0))/100,"") -> -0.0802 | J19: =IF($D19="","",SUMIF(블루1!$E:$E,$D19,블루1!$N:$N)/100000000) -> 2.4905 | K19: =IFERROR(J19/J$3, "") -> 0.029263885 | L19: =IFERROR(IF(J19>0,($E19-K19)*K$3*100000000/$W19,""),"") -> 4.0451453 | M19: =IFERROR(INDEX(블루1!$Q:$Q,MATCH($D19,블루1!$E:$E,0))/100,"") -> -0.084 | N19: =IF($D19="","",SUMIF(블루3!$E:$E,$D19,블루3!$N:$N)/100000000) -> 2.4905 | O19: =IFERROR(N19/N$3, "") -> 0.030713102 | P19: =IFERROR(IF(N19>0,($E19-O19)*O$3*100000000/$W19,""),"") -> -3.8537021 | Q19: =IFERROR(INDEX(블루3!$Q:$Q,MATCH($D19,블루3!$E:$E,0))/100,"") -> -0.084 | R19: =IF($D19="","",SUMIF(블루4!$E:$E,$D19,블루4!$N:$N)/100000000) -> 1.27455 | S19: =IFERROR(R19/R$3, "") -> 0.078310466 | T19: =IFERROR(IF(R19>0,($E19-S19)*S$3*100000000/$W19,""),"") -> -47.232807 | U19: =IFERROR(INDEX(블루4!$Q:$Q,MATCH($D19,블루4!$E:$E,0))/100,"") -> -0.0981 | V19: 두산 | W19: =IFERROR(INDEX(인컴2!$E$1:$Q$47, MATCH(V19, 인컴2!E:E, 0), 8), "") -> 1471000
A20: 14 | C20: 기판 | D20: =IF(V20="","",IFERROR(INDEX(인컴2!E:E,MATCH(V20,인컴2!E:E,0)),IFERROR(INDEX(블루1!E:E,MATCH(V20,블루1!E:E,0)),IFERROR(INDEX(블루3!E:E,MATCH(V20,블루3!E:E,0)),V20)))) -> 대덕전자 | E20: 0.02 | F20: =IF($D20="","",SUMIF(인컴2!$E:$E,$D20,인컴2!$N:$N)/100000000) -> 1.254 | G20: =IFERROR(F20/F$3, "") -> 0.015049737 | H20: =IFERROR(IF(F20>0,($E20-G20)*G$3*100000000/$W20,""),"") -> 316.40313 | I20: =IFERROR(INDEX(인컴2!$Q:$Q,MATCH($D20,인컴2!$E:$E,0))/100,"") -> -0.2909 | J20: =IF($D20="","",SUMIF(블루1!$E:$E,$D20,블루1!$N:$N)/100000000) -> 1.251 | K20: =IFERROR(J20/J$3, "") -> 0.014699506 | L20: =IFERROR(IF(J20>0,($E20-K20)*K$3*100000000/$W20,""),"") -> 341.68039 | M20: =IFERROR(INDEX(블루1!$Q:$Q,MATCH($D20,블루1!$E:$E,0))/100,"") -> -0.2926 | N20: =IF($D20="","",SUMIF(블루3!$E:$E,$D20,블루3!$N:$N)/100000000) -> 1.251 | O20: =IFERROR(N20/N$3, "") -> 0.01542746 | P20: =IFERROR(IF(N20>0,($E20-O20)*O$3*100000000/$W20,""),"") -> 289.86742 | Q20: =IFERROR(INDEX(블루3!$Q:$Q,MATCH($D20,블루3!$E:$E,0))/100,"") -> -0.2926 | R20: =IF($D20="","",SUMIF(블루4!$E:$E,$D20,블루4!$N:$N)/100000000) -> 0 | S20: =IFERROR(R20/R$3, "") -> 0 | T20: =IFERROR(IF(R20>0,($E20-S20)*S$3*100000000/$W20,""),"") | U20: =IFERROR(INDEX(블루4!$Q:$Q,MATCH($D20,블루4!$E:$E,0))/100,"") | V20: 대덕전자 | W20: =IFERROR(INDEX(인컴2!$E$1:$Q$47, MATCH(V20, 인컴2!E:E, 0), 8), "") -> 125400
A21: 15 | C21: 파운드리 | D21: =IF(V21="","",IFERROR(INDEX(인컴2!E:E,MATCH(V21,인컴2!E:E,0)),IFERROR(INDEX(블루1!E:E,MATCH(V21,블루1!E:E,0)),IFERROR(INDEX(블루3!E:E,MATCH(V21,블루3!E:E,0)),V21)))) -> DB하이텍 | E21: 0.02 | F21: =IF($D21="","",SUMIF(인컴2!$E:$E,$D21,인컴2!$N:$N)/100000000) -> 1.374 | G21: =IFERROR(F21/F$3, "") -> 0.016489903 | H21: =IFERROR(IF(F21>0,($E21-G21)*G$3*100000000/$W21,""),"") -> 245.71046 | I21: =IFERROR(INDEX(인컴2!$Q:$Q,MATCH($D21,인컴2!$E:$E,0))/100,"") -> -0.3733 | J21: =IF($D21="","",SUMIF(블루1!$E:$E,$D21,블루1!$N:$N)/100000000) -> 1.368 | K21: =IFERROR(J21/J$3, "") -> 0.01607428 | L21: =IFERROR(IF(J21>0,($E21-K21)*K$3*100000000/$W21,""),"") -> 277.15012 | M21: =IFERROR(INDEX(블루1!$Q:$Q,MATCH($D21,블루1!$E:$E,0))/100,"") -> -0.376 | N21: =IF($D21="","",SUMIF(블루3!$E:$E,$D21,블루3!$N:$N)/100000000) -> 1.368 | O21: =IFERROR(N21/N$3, "") -> 0.016870316 | P21: =IFERROR(IF(N21>0,($E21-O21)*O$3*100000000/$W21,""),"") -> 217.28734 | Q21: =IFERROR(INDEX(블루3!$Q:$Q,MATCH($D21,블루3!$E:$E,0))/100,"") -> -0.3761 | R21: =IF($D21="","",SUMIF(블루4!$E:$E,$D21,블루4!$N:$N)/100000000) -> 0 | S21: =IFERROR(R21/R$3, "") -> 0 | T21: =IFERROR(IF(R21>0,($E21-S21)*S$3*100000000/$W21,""),"") | U21: =IFERROR(INDEX(블루4!$Q:$Q,MATCH($D21,블루4!$E:$E,0))/100,"") | V21: DB하이텍 | W21: =IFERROR(INDEX(인컴2!$E$1:$Q$47, MATCH(V21, 인컴2!E:E, 0), 8), "") -> 114500
A22: 16 | C22: 소부장 | D22: =IF(V22="","",IFERROR(INDEX(인컴2!E:E,MATCH(V22,인컴2!E:E,0)),IFERROR(INDEX(블루1!E:E,MATCH(V22,블루1!E:E,0)),IFERROR(INDEX(블루3!E:E,MATCH(V22,블루3!E:E,0)),V22)))) -> 제주반도체 | E22: 0.02 | F22: =IF($D22="","",SUMIF(인컴2!$E:$E,$D22,인컴2!$N:$N)/100000000) -> 1.834 | G22: =IFERROR(F22/F$3, "") -> 0.02201054 | H22: =IFERROR(IF(F22>0,($E22-G22)*G$3*100000000/$W22,""),"") -> -175.73306 | I22: =IFERROR(INDEX(인컴2!$Q:$Q,MATCH($D22,인컴2!$E:$E,0))/100,"") -> -0.2232 | J22: =IF($D22="","",SUMIF(블루1!$E:$E,$D22,블루1!$N:$N)/100000000) -> 1.816 | K22: =IFERROR(J22/J$3, "") -> 0.021338372 | L22: =IFERROR(IF(J22>0,($E22-K22)*K$3*100000000/$W22,""),"") -> -117.98011 | M22: =IFERROR(INDEX(블루1!$Q:$Q,MATCH($D22,블루1!$E:$E,0))/100,"") -> -0.2307 | N22: =IF($D22="","",SUMIF(블루3!$E:$E,$D22,블루3!$N:$N)/100000000) -> 1.816 | O22: =IFERROR(N22/N$3, "") -> 0.022395098 | P22: =IFERROR(IF(N22>0,($E22-O22)*O$3*100000000/$W22,""),"") -> -207.63161 | Q22: =IFERROR(INDEX(블루3!$Q:$Q,MATCH($D22,블루3!$E:$E,0))/100,"") -> -0.2308 | R22: =IF($D22="","",SUMIF(블루4!$E:$E,$D22,블루4!$N:$N)/100000000) -> 0 | S22: =IFERROR(R22/R$3, "") -> 0 | T22: =IFERROR(IF(R22>0,($E22-S22)*S$3*100000000/$W22,""),"") | U22: =IFERROR(INDEX(블루4!$Q:$Q,MATCH($D22,블루4!$E:$E,0))/100,"") | V22: 제주반도체 | W22: =IFERROR(INDEX(인컴2!$E$1:$Q$47, MATCH(V22, 인컴2!E:E, 0), 8), "") -> 91700
A23: 17 | C23: 소부장 | D23: =IF(V23="","",IFERROR(INDEX(인컴2!E:E,MATCH(V23,인컴2!E:E,0)),IFERROR(INDEX(블루1!E:E,MATCH(V23,블루1!E:E,0)),IFERROR(INDEX(블루3!E:E,MATCH(V23,블루3!E:E,0)),V23)))) -> 에이직랜드 | E23: 0.02 | F23: =IF($D23="","",SUMIF(인컴2!$E:$E,$D23,인컴2!$N:$N)/100000000) -> 1.616 | G23: =IFERROR(F23/F$3, "") -> 0.019394238 | H23: =IFERROR(IF(F23>0,($E23-G23)*G$3*100000000/$W23,""),"") -> 240.35902 | I23: =IFERROR(INDEX(인컴2!$Q:$Q,MATCH($D23,인컴2!$E:$E,0))/100,"") -> -0.3403 | J23: =IF($D23="","",SUMIF(블루1!$E:$E,$D23,블루1!$N:$N)/100000000) -> 1.608 | K23: =IFERROR(J23/J$3, "") -> 0.018894329 | L23: =IFERROR(IF(J23>0,($E23-K23)*K$3*100000000/$W23,""),"") -> 442.46166 | M23: =IFERROR(INDEX(블루1!$Q:$Q,MATCH($D23,블루1!$E:$E,0))/100,"") -> -0.3436 | N23: =IF($D23="","",SUMIF(블루3!$E:$E,$D23,블루3!$N:$N)/100000000) -> 1.608 | O23: =IFERROR(N23/N$3, "") -> 0.019830021 | P23: =IFERROR(IF(N23>0,($E23-O23)*O$3*100000000/$W23,""),"") -> 66.893428 | Q23: =IFERROR(INDEX(블루3!$Q:$Q,MATCH($D23,블루3!$E:$E,0))/100,"") -> -0.3436 | R23: =IF($D23="","",SUMIF(블루4!$E:$E,$D23,블루4!$N:$N)/100000000) -> 0 | S23: =IFERROR(R23/R$3, "") -> 0 | T23: =IFERROR(IF(R23>0,($E23-S23)*S$3*100000000/$W23,""),"") | U23: =IFERROR(INDEX(블루4!$Q:$Q,MATCH($D23,블루4!$E:$E,0))/100,"") | V23: 에이직랜드 | W23: =IFERROR(INDEX(인컴2!$E$1:$Q$47, MATCH(V23, 인컴2!E:E, 0), 8), "") -> 20200
C24: 테크 소계 | E24: =SUM(E7:E23) -> 0.625 | F24: =SUM(F7:F23) -> 47.2233 | G24: =IFERROR(F24/F$3, "") -> 0.56674501 | J24: =SUM(J7:J23) -> 46.618 | K24: =IFERROR(J24/J$3, "") -> 0.54777105 | N24: =SUM(N7:N23) -> 46.618 | O24: =IFERROR(N24/N$3, "") -> 0.57489796 | R24: =SUM(R7:R23) -> 8.24375 | S24: =IFERROR(R24/R$3, "") -> 0.50650967
B25: 금융 | D25: =IF(V25="","",IFERROR(INDEX(인컴2!E:E,MATCH(V25,인컴2!E:E,0)),IFERROR(INDEX(블루1!E:E,MATCH(V25,블루1!E:E,0)),IFERROR(INDEX(블루3!E:E,MATCH(V25,블루3!E:E,0)),V25)))) | F25: =IF($D25="","",SUMIF(인컴2!$E:$E,$D25,인컴2!$N:$N)/100000000) | G25: =IFERROR(F25/F$3, "") | H25: =IFERROR(IF(F25>0,($E25-G25)*G$3*100000000/$W25,""),"") | I25: =IFERROR(INDEX(인컴2!$Q:$Q,MATCH($D25,인컴2!$E:$E,0))/100,"") | J25: =IF($D25="","",SUMIF(블루1!$E:$E,$D25,블루1!$N:$N)/100000000) | K25: =IFERROR(J25/J$3, "") | L25: =IFERROR(IF(J25>0,($E25-K25)*K$3*100000000/$W25,""),"") | M25: =IFERROR(INDEX(블루1!$Q:$Q,MATCH($D25,블루1!$E:$E,0))/100,"") | N25: =IF($D25="","",SUMIF(블루3!$E:$E,$D25,블루3!$N:$N)/100000000) | O25: =IFERROR(N25/N$3, "") | P25: =IFERROR(IF(N25>0,($E25-O25)*O$3*100000000/$W25,""),"") | Q25: =IFERROR(INDEX(블루3!$Q:$Q,MATCH($D25,블루3!$E:$E,0))/100,"") | R25: =IF($D25="","",SUMIF(블루4!$E:$E,$D25,블루4!$N:$N)/100000000) | S25: =IFERROR(R25/R$3, "") | T25: =IFERROR(IF(R25>0,($E25-S25)*S$3*100000000/$W25,""),"") | U25: =IFERROR(INDEX(블루4!$Q:$Q,MATCH($D25,블루4!$E:$E,0))/100,"") | W25: =IFERROR(INDEX(인컴2!$E$1:$Q$47, MATCH(V25, 인컴2!E:E, 0), 8), "")
B26: =SUM(E25:E27) -> 0 | D26: =IF(V26="","",IFERROR(INDEX(인컴2!E:E,MATCH(V26,인컴2!E:E,0)),IFERROR(INDEX(블루1!E:E,MATCH(V26,블루1!E:E,0)),IFERROR(INDEX(블루3!E:E,MATCH(V26,블루3!E:E,0)),V26)))) | F26: =IF($D26="","",SUMIF(인컴2!$E:$E,$D26,인컴2!$N:$N)/100000000) | G26: =IFERROR(F26/F$3, "") | H26: =IFERROR(IF(F26>0,($E26-G26)*G$3*100000000/$W26,""),"") | I26: =IFERROR(INDEX(인컴2!$Q:$Q,MATCH($D26,인컴2!$E:$E,0))/100,"") | J26: =IF($D26="","",SUMIF(블루1!$E:$E,$D26,블루1!$N:$N)/100000000) | K26: =IFERROR(J26/J$3, "") | L26: =IFERROR(IF(J26>0,($E26-K26)*K$3*100000000/$W26,""),"") | M26: =IFERROR(INDEX(블루1!$Q:$Q,MATCH($D26,블루1!$E:$E,0))/100,"") | N26: =IF($D26="","",SUMIF(블루3!$E:$E,$D26,블루3!$N:$N)/100000000) | O26: =IFERROR(N26/N$3, "") | P26: =IFERROR(IF(N26>0,($E26-O26)*O$3*100000000/$W26,""),"") | Q26: =IFERROR(INDEX(블루3!$Q:$Q,MATCH($D26,블루3!$E:$E,0))/100,"") | R26: =IF($D26="","",SUMIF(블루4!$E:$E,$D26,블루4!$N:$N)/100000000) | S26: =IFERROR(R26/R$3, "") | T26: =IFERROR(IF(R26>0,($E26-S26)*S$3*100000000/$W26,""),"") | U26: =IFERROR(INDEX(블루4!$Q:$Q,MATCH($D26,블루4!$E:$E,0))/100,"") | W26: =IFERROR(INDEX(인컴2!$E$1:$Q$47, MATCH(V26, 인컴2!E:E, 0), 8), "")
D27: =IF(V27="","",IFERROR(INDEX(인컴2!E:E,MATCH(V27,인컴2!E:E,0)),IFERROR(INDEX(블루1!E:E,MATCH(V27,블루1!E:E,0)),IFERROR(INDEX(블루3!E:E,MATCH(V27,블루3!E:E,0)),V27)))) | F27: =IF($D27="","",SUMIF(인컴2!$E:$E,$D27,인컴2!$N:$N)/100000000) | G27: =IFERROR(F27/F$3, "") | H27: =IFERROR(IF(F27>0,($E27-G27)*G$3*100000000/$W27,""),"") | I27: =IFERROR(INDEX(인컴2!$Q:$Q,MATCH($D27,인컴2!$E:$E,0))/100,"") | J27: =IF($D27="","",SUMIF(블루1!$E:$E,$D27,블루1!$N:$N)/100000000) | K27: =IFERROR(J27/J$3, "") | L27: =IFERROR(IF(J27>0,($E27-K27)*K$3*100000000/$W27,""),"") | M27: =IFERROR(INDEX(블루1!$Q:$Q,MATCH($D27,블루1!$E:$E,0))/100,"") | N27: =IF($D27="","",SUMIF(블루3!$E:$E,$D27,블루3!$N:$N)/100000000) | O27: =IFERROR(N27/N$3, "") | P27: =IFERROR(IF(N27>0,($E27-O27)*O$3*100000000/$W27,""),"") | Q27: =IFERROR(INDEX(블루3!$Q:$Q,MATCH($D27,블루3!$E:$E,0))/100,"") | R27: =IF($D27="","",SUMIF(블루4!$E:$E,$D27,블루4!$N:$N)/100000000) | S27: =IFERROR(R27/R$3, "") | T27: =IFERROR(IF(R27>0,($E27-S27)*S$3*100000000/$W27,""),"") | U27: =IFERROR(INDEX(블루4!$Q:$Q,MATCH($D27,블루4!$E:$E,0))/100,"") | W27: =IFERROR(INDEX(인컴2!$E$1:$Q$47, MATCH(V27, 인컴2!E:E, 0), 8), "")
C28: 금융 소계 | E28: =SUM(E25:E27) -> 0 | F28: =SUM(F25:F27) -> 0 | G28: =IFERROR(F28/F$3, "") -> 0 | H28: =IFERROR(($E28-G28)*F$4/$W28, "") | J28: =SUM(J25:J27) -> 0 | K28: =IFERROR(J28/J$3, "") -> 0 | N28: =SUM(N25:N27) -> 0 | O28: =IFERROR(N28/N$3, "") -> 0 | R28: =SUM(R25:R27) -> 0 | S28: =IFERROR(R28/R$3, "") -> 0 | W28: =IFERROR(INDEX(인컴2!$E$1:$Q$47, MATCH(V28, 인컴2!E:E, 0), 8), "")
A29: 1 | B29: 헬스케어 | C29: 바이오 | D29: =IF(V29="","",IFERROR(INDEX(인컴2!E:E,MATCH(V29,인컴2!E:E,0)),IFERROR(INDEX(블루1!E:E,MATCH(V29,블루1!E:E,0)),IFERROR(INDEX(블루3!E:E,MATCH(V29,블루3!E:E,0)),V29)))) -> TIGER 기술이전바이오액티브 | E29: 0.025 | F29: =IF($D29="","",SUMIF(인컴2!$E:$E,$D29,인컴2!$N:$N)/100000000) -> 2.0895 | G29: =IFERROR(F29/F$3, "") -> 0.025076894 | H29: =IFERROR(IF(F29>0,($E29-G29)*G$3*100000000/$W29,""),"") -> -88.48764 | I29: =IFERROR(INDEX(인컴2!$Q:$Q,MATCH($D29,인컴2!$E:$E,0))/100,"") -> -0.2452 | J29: =IF($D29="","",SUMIF(블루1!$E:$E,$D29,블루1!$N:$N)/100000000) -> 2.0835 | K29: =IFERROR(J29/J$3, "") -> 0.024481552 | L29: =IFERROR(IF(J29>0,($E29-K29)*K$3*100000000/$W29,""),"") -> 601.70756 | M29: =IFERROR(INDEX(블루1!$Q:$Q,MATCH($D29,블루1!$E:$E,0))/100,"") -> -0.2474 | N29: =IF($D29="","",SUMIF(블루3!$E:$E,$D29,블루3!$N:$N)/100000000) -> 2.0835 | O29: =IFERROR(N29/N$3, "") -> 0.025693936 | P29: =IFERROR(IF(N29>0,($E29-O29)*O$3*100000000/$W29,""),"") -> -792.02264 | Q29: =IFERROR(INDEX(블루3!$Q:$Q,MATCH($D29,블루3!$E:$E,0))/100,"") -> -0.2475 | R29: =IF($D29="","",SUMIF(블루4!$E:$E,$D29,블루4!$N:$N)/100000000) -> 0.6945 | S29: =IFERROR(R29/R$3, "") -> 0.042671232 | T29: =IFERROR(IF(R29>0,($E29-S29)*S$3*100000000/$W29,""),"") -> -3648.8912 | U29: =IFERROR(INDEX(블루4!$Q:$Q,MATCH($D29,블루4!$E:$E,0))/100,"") -> -0.0838 | V29: TIGER 기술이전바이오액티브 | W29: =IFERROR(INDEX(인컴2!$E$1:$Q$47, MATCH(V29, 인컴2!E:E, 0), 8), "") -> 6965
A30: 2 | B30: =SUM(E29:E31) -> 0.06 | C30: 바이오 | D30: =IF(V30="","",IFERROR(INDEX(인컴2!E:E,MATCH(V30,인컴2!E:E,0)),IFERROR(INDEX(블루1!E:E,MATCH(V30,블루1!E:E,0)),IFERROR(INDEX(블루3!E:E,MATCH(V30,블루3!E:E,0)),V30)))) -> 큐라클 | E30: 0.025 | F30: =IF($D30="","",SUMIF(인컴2!$E:$E,$D30,인컴2!$N:$N)/100000000) -> 1.9533 | G30: =IFERROR(F30/F$3, "") -> 0.023442306 | H30: =IFERROR(IF(F30>0,($E30-G30)*G$3*100000000/$W30,""),"") -> 1086.6064 | I30: =IFERROR(INDEX(인컴2!$Q:$Q,MATCH($D30,인컴2!$E:$E,0))/100,"") -> -0.2586 | J30: =IF($D30="","",SUMIF(블루1!$E:$E,$D30,블루1!$N:$N)/100000000) -> 1.9533 | K30: =IFERROR(J30/J$3, "") -> 0.022951675 | L30: =IFERROR(IF(J30>0,($E30-K30)*K$3*100000000/$W30,""),"") -> 1441.0534 | M30: =IFERROR(INDEX(블루1!$Q:$Q,MATCH($D30,블루1!$E:$E,0))/100,"") -> -0.2586 | N30: =IF($D30="","",SUMIF(블루3!$E:$E,$D30,블루3!$N:$N)/100000000) -> 1.9533 | O30: =IFERROR(N30/N$3, "") -> 0.024088296 | P30: =IFERROR(IF(N30>0,($E30-O30)*O$3*100000000/$W30,""),"") -> 630.77329 | Q30: =IFERROR(INDEX(블루3!$Q:$Q,MATCH($D30,블루3!$E:$E,0))/100,"") -> -0.2304 | R30: =IF($D30="","",SUMIF(블루4!$E:$E,$D30,블루4!$N:$N)/100000000) -> 0 | S30: =IFERROR(R30/R$3, "") -> 0 | T30: =IFERROR(IF(R30>0,($E30-S30)*S$3*100000000/$W30,""),"") | U30: =IFERROR(INDEX(블루4!$Q:$Q,MATCH($D30,블루4!$E:$E,0))/100,"") | V30: 큐라클 | W30: =IFERROR(INDEX(인컴2!$E$1:$Q$47, MATCH(V30, 인컴2!E:E, 0), 8), "") -> 11490
A31: 3 | C31: 바이오 | D31: =IF(V31="","",IFERROR(INDEX(인컴2!E:E,MATCH(V31,인컴2!E:E,0)),IFERROR(INDEX(블루1!E:E,MATCH(V31,블루1!E:E,0)),IFERROR(INDEX(블루3!E:E,MATCH(V31,블루3!E:E,0)),V31)))) -> 앱클론 | E31: 0.01 | F31: =IF($D31="","",SUMIF(인컴2!$E:$E,$D31,인컴2!$N:$N)/100000000) -> 0.771 | G31: =IFERROR(F31/F$3, "") -> 0.0092530679 | H31: =IFERROR(IF(F31>0,($E31-G31)*G$3*100000000/$W31,""),"") -> 232.94748 | I31: =IFERROR(INDEX(인컴2!$Q:$Q,MATCH($D31,인컴2!$E:$E,0))/100,"") -> -0.5164 | J31: =IF($D31="","",SUMIF(블루1!$E:$E,$D31,블루1!$N:$N)/100000000) -> 0.774 | K31: =IFERROR(J31/J$3, "") -> 0.0090946586 | L31: =IFERROR(IF(J31>0,($E31-K31)*K$3*100000000/$W31,""),"") -> 284.76102 | M31: =IFERROR(INDEX(블루1!$Q:$Q,MATCH($D31,블루1!$E:$E,0))/100,"") -> -0.5177 | N31: =IF($D31="","",SUMIF(블루3!$E:$E,$D31,블루3!$N:$N)/100000000) -> 0.774 | O31: =IFERROR(N31/N$3, "") -> 0.0095450474 | P31: =IFERROR(IF(N31>0,($E31-O31)*O$3*100000000/$W31,""),"") -> 140.7254 | Q31: =IFERROR(INDEX(블루3!$Q:$Q,MATCH($D31,블루3!$E:$E,0))/100,"") -> -0.4697 | R31: =IF($D31="","",SUMIF(블루4!$E:$E,$D31,블루4!$N:$N)/100000000) -> 0 | S31: =IFERROR(R31/R$3, "") -> 0 | T31: =IFERROR(IF(R31>0,($E31-S31)*S$3*100000000/$W31,""),"") | U31: =IFERROR(INDEX(블루4!$Q:$Q,MATCH($D31,블루4!$E:$E,0))/100,"") | V31: 앱클론 | W31: =IFERROR(INDEX(인컴2!$E$1:$Q$47, MATCH(V31, 인컴2!E:E, 0), 8), "") -> 25700
C32: 헬스케어 소계 | E32: =SUM(E29:E31) -> 0.06 | F32: =SUM(F29:F31) -> 4.8138 | G32: =IFERROR(F32/F$3, "") -> 0.057772268 | H32: =IFERROR(($E32-G32)*F$4*100000000/$W32, "") | J32: =SUM(J29:J31) -> 4.8108 | K32: =IFERROR(J32/J$3, "") -> 0.056527886 | N32: =SUM(N29:N31) -> 4.8108 | O32: =IFERROR(N32/N$3, "") -> 0.059327279 | R32: =SUM(R29:R31) -> 0.6945 | S32: =IFERROR(R32/R$3, "") -> 0.042671232 | W32: =IFERROR(INDEX(인컴2!$E$1:$Q$47, MATCH(V32, 인컴2!E:E, 0), 8), "")
A33: 1 | B33: 산업재 | C33: 전력기기 | D33: =IF(V33="","",IFERROR(INDEX(인컴2!E:E,MATCH(V33,인컴2!E:E,0)),IFERROR(INDEX(블루1!E:E,MATCH(V33,블루1!E:E,0)),IFERROR(INDEX(블루3!E:E,MATCH(V33,블루3!E:E,0)),V33)))) -> TIGER 코리아AI전력기기TOP3플러스 | E33: 0.035 | F33: =IF($D33="","",SUMIF(인컴2!$E:$E,$D33,인컴2!$N:$N)/100000000) -> 2.78785 | G33: =IFERROR(F33/F$3, "") -> 0.033458062 | H33: =IFERROR(IF(F33>0,($E33-G33)*G$3*100000000/$W33,""),"") -> 576.30319 | I33: =IFERROR(INDEX(인컴2!$Q:$Q,MATCH($D33,인컴2!$E:$E,0))/100,"") -> -0.058 | J33: =IF($D33="","",SUMIF(블루1!$E:$E,$D33,블루1!$N:$N)/100000000) -> 2.78915 | K33: =IFERROR(J33/J$3, "") -> 0.032773084 | L33: =IFERROR(IF(J33>0,($E33-K33)*K$3*100000000/$W33,""),"") -> 839.41953 | M33: =IFERROR(INDEX(블루1!$Q:$Q,MATCH($D33,블루1!$E:$E,0))/100,"") -> -0.0575 | N33: =IF($D33="","",SUMIF(블루3!$E:$E,$D33,블루3!$N:$N)/100000000) -> 2.78915 | O33: =IFERROR(N33/N$3, "") -> 0.034396084 | P33: =IFERROR(IF(N33>0,($E33-O33)*O$3*100000000/$W33,""),"") -> 223.86695 | Q33: =IFERROR(INDEX(블루3!$Q:$Q,MATCH($D33,블루3!$E:$E,0))/100,"") -> -0.0577 | R33: =IF($D33="","",SUMIF(블루4!$E:$E,$D33,블루4!$N:$N)/100000000) -> 0 | S33: =IFERROR(R33/R$3, "") -> 0 | T33: =IFERROR(IF(R33>0,($E33-S33)*S$3*100000000/$W33,""),"") | U33: =IFERROR(INDEX(블루4!$Q:$Q,MATCH($D33,블루4!$E:$E,0))/100,"") | V33: TIGER 코리아AI전력기기TOP3플러스 | W33: =IFERROR(INDEX(인컴2!$E$1:$Q$47, MATCH(V33, 인컴2!E:E, 0), 8), "") -> 21445
A34: 2 | B34: =SUM(E33:E38) -> 0.125 | C34: 원전 | D34: =IF(V34="","",IFERROR(INDEX(인컴2!E:E,MATCH(V34,인컴2!E:E,0)),IFERROR(INDEX(블루1!E:E,MATCH(V34,블루1!E:E,0)),IFERROR(INDEX(블루3!E:E,MATCH(V34,블루3!E:E,0)),V34)))) -> 두산에너빌리티 | E34: 0.03 | F34: =IF($D34="","",SUMIF(인컴2!$E:$E,$D34,인컴2!$N:$N)/100000000) -> 2.634 | G34: =IFERROR(F34/F$3, "") -> 0.031611648 | H34: =IFERROR(IF(F34>0,($E34-G34)*G$3*100000000/$W34,""),"") -> -147.12478 | I34: =IFERROR(INDEX(인컴2!$Q:$Q,MATCH($D34,인컴2!$E:$E,0))/100,"") -> -0.0309 | J34: =IF($D34="","",SUMIF(블루1!$E:$E,$D34,블루1!$N:$N)/100000000) -> 3.504 | K34: =IFERROR(J34/J$3, "") -> 0.041172718 | L34: =IFERROR(IF(J34>0,($E34-K34)*K$3*100000000/$W34,""),"") -> -1028.6452 | M34: =IFERROR(INDEX(블루1!$Q:$Q,MATCH($D34,블루1!$E:$E,0))/100,"") -> 0.3518 | N34: =IF($D34="","",SUMIF(블루3!$E:$E,$D34,블루3!$N:$N)/100000000) -> 2.628 | O34: =IFERROR(N34/N$3, "") -> 0.032408766 | P34: =IFERROR(IF(N34>0,($E34-O34)*O$3*100000000/$W34,""),"") -> -218.09187 | Q34: =IFERROR(INDEX(블루3!$Q:$Q,MATCH($D34,블루3!$E:$E,0))/100,"") -> -0.0717 | R34: =IF($D34="","",SUMIF(블루4!$E:$E,$D34,블루4!$N:$N)/100000000) -> 0 | S34: =IFERROR(R34/R$3, "") -> 0 | T34: =IFERROR(IF(R34>0,($E34-S34)*S$3*100000000/$W34,""),"") | U34: =IFERROR(INDEX(블루4!$Q:$Q,MATCH($D34,블루4!$E:$E,0))/100,"") | V34: 두산에너빌리티 | W34: =IFERROR(INDEX(인컴2!$E$1:$Q$47, MATCH(V34, 인컴2!E:E, 0), 8), "") -> 87800
A35: 3 | C35: 방산 | D35: =IF(V35="","",IFERROR(INDEX(인컴2!E:E,MATCH(V35,인컴2!E:E,0)),IFERROR(INDEX(블루1!E:E,MATCH(V35,블루1!E:E,0)),IFERROR(INDEX(블루3!E:E,MATCH(V35,블루3!E:E,0)),V35)))) -> 한화에어로스페이스 | E35: 0.015 | F35: =IF($D35="","",SUMIF(인컴2!$E:$E,$D35,인컴2!$N:$N)/100000000) -> 1.196 | G35: =IFERROR(F35/F$3, "") -> 0.014353657 | H35: =IFERROR(IF(F35>0,($E35-G35)*G$3*100000000/$W35,""),"") -> 4.3315383 | I35: =IFERROR(INDEX(인컴2!$Q:$Q,MATCH($D35,인컴2!$E:$E,0))/100,"") -> 0.0422 | J35: =IF($D35="","",SUMIF(블루1!$E:$E,$D35,블루1!$N:$N)/100000000) -> 1.191 | K35: =IFERROR(J35/J$3, "") -> 0.013994494 | L35: =IFERROR(IF(J35>0,($E35-K35)*K$3*100000000/$W35,""),"") -> 6.7960216 | M35: =IFERROR(INDEX(블루1!$Q:$Q,MATCH($D35,블루1!$E:$E,0))/100,"") -> 0.0378 | N35: =IF($D35="","",SUMIF(블루3!$E:$E,$D35,블루3!$N:$N)/100000000) -> 1.191 | O35: =IFERROR(N35/N$3, "") -> 0.014687534 | P35: =IFERROR(IF(N35>0,($E35-O35)*O$3*100000000/$W35,""),"") -> 2.0768771 | Q35: =IFERROR(INDEX(블루3!$Q:$Q,MATCH($D35,블루3!$E:$E,0))/100,"") -> 0.0385 | R35: =IF($D35="","",SUMIF(블루4!$E:$E,$D35,블루4!$N:$N)/100000000) -> 0.5955 | S35: =IFERROR(R35/R$3, "") -> 0.036588508 | T35: =IFERROR(IF(R35>0,($E35-S35)*S$3*100000000/$W35,""),"") -> -25.960117 | U35: =IFERROR(INDEX(블루4!$Q:$Q,MATCH($D35,블루4!$E:$E,0))/100,"") -> 0.0387 | V35: 한화에어로스페이스 | W35: =IFERROR(INDEX(인컴2!$E$1:$Q$47, MATCH(V35, 인컴2!E:E, 0), 8), "") -> 1196000
A36: 4 | C36: 건설 | D36: =IF(V36="","",IFERROR(INDEX(인컴2!E:E,MATCH(V36,인컴2!E:E,0)),IFERROR(INDEX(블루1!E:E,MATCH(V36,블루1!E:E,0)),IFERROR(INDEX(블루3!E:E,MATCH(V36,블루3!E:E,0)),V36)))) -> 아이에스동서 | E36: 0.02 | F36: =IF($D36="","",SUMIF(인컴2!$E:$E,$D36,인컴2!$N:$N)/100000000) -> 1.808 | G36: =IFERROR(F36/F$3, "") -> 0.021698504 | H36: =IFERROR(IF(F36>0,($E36-G36)*G$3*100000000/$W36,""),"") -> -602.37681 | I36: =IFERROR(INDEX(인컴2!$Q:$Q,MATCH($D36,인컴2!$E:$E,0))/100,"") -> -0.129 | J36: =IF($D36="","",SUMIF(블루1!$E:$E,$D36,블루1!$N:$N)/100000000) -> 2.2624 | K36: =IFERROR(J36/J$3, "") -> 0.026583664 | L36: =IFERROR(IF(J36>0,($E36-K36)*K$3*100000000/$W36,""),"") -> -2354.8349 | M36: =IFERROR(INDEX(블루1!$Q:$Q,MATCH($D36,블루1!$E:$E,0))/100,"") -> 0.1252 | N36: =IF($D36="","",SUMIF(블루3!$E:$E,$D36,블루3!$N:$N)/100000000) -> 1.792 | O36: =IFERROR(N36/N$3, "") -> 0.022099128 | P36: =IFERROR(IF(N36>0,($E36-O36)*O$3*100000000/$W36,""),"") -> -738.36297 | Q36: =IFERROR(INDEX(블루3!$Q:$Q,MATCH($D36,블루3!$E:$E,0))/100,"") -> -0.1368 | R36: =IF($D36="","",SUMIF(블루4!$E:$E,$D36,블루4!$N:$N)/100000000) -> 0.672 | S36: =IFERROR(R36/R$3, "") -> 0.041288794 | T36: =IFERROR(IF(R36>0,($E36-S36)*S$3*100000000/$W36,""),"") -> -1354.7459 | U36: =IFERROR(INDEX(블루4!$Q:$Q,MATCH($D36,블루4!$E:$E,0))/100,"") -> -0.0729 | V36: 아이에스동서 | W36: =IFERROR(INDEX(인컴2!$E$1:$Q$47, MATCH(V36, 인컴2!E:E, 0), 8), "") -> 22600
A37: 5 | C37: 로봇 | D37: =IF(V37="","",IFERROR(INDEX(인컴2!E:E,MATCH(V37,인컴2!E:E,0)),IFERROR(INDEX(블루1!E:E,MATCH(V37,블루1!E:E,0)),IFERROR(INDEX(블루3!E:E,MATCH(V37,블루3!E:E,0)),V37)))) -> TIGER 코리아휴머노이드로봇산업 | E37: 0.025 | F37: =IF($D37="","",SUMIF(인컴2!$E:$E,$D37,인컴2!$N:$N)/100000000) -> 1.867 | G37: =IFERROR(F37/F$3, "") -> 0.022406586 | H37: =IFERROR(IF(F37>0,($E37-G37)*G$3*100000000/$W37,""),"") -> 2226.73 | I37: =IFERROR(INDEX(인컴2!$Q:$Q,MATCH($D37,인컴2!$E:$E,0))/100,"") -> -0.2934 | J37: =IF($D37="","",SUMIF(블루1!$E:$E,$D37,블루1!$N:$N)/100000000) -> 1.862 | K37: =IFERROR(J37/J$3, "") -> 0.021878881 | L37: =IFERROR(IF(J37>0,($E37-K37)*K$3*100000000/$W37,""),"") -> 2702.6961 | M37: =IFERROR(INDEX(블루1!$Q:$Q,MATCH($D37,블루1!$E:$E,0))/100,"") -> -0.2953 | N37: =IF($D37="","",SUMIF(블루3!$E:$E,$D37,블루3!$N:$N)/100000000) -> 1.862 | O37: =IFERROR(N37/N$3, "") -> 0.022962375 | P37: =IFERROR(IF(N37>0,($E37-O37)*O$3*100000000/$W37,""),"") -> 1735.1994 | Q37: =IFERROR(INDEX(블루3!$Q:$Q,MATCH($D37,블루3!$E:$E,0))/100,"") -> -0.2953 | R37: =IF($D37="","",SUMIF(블루4!$E:$E,$D37,블루4!$N:$N)/100000000) -> 0 | S37: =IFERROR(R37/R$3, "") -> 0 | T37: =IFERROR(IF(R37>0,($E37-S37)*S$3*100000000/$W37,""),"") | U37: =IFERROR(INDEX(블루4!$Q:$Q,MATCH($D37,블루4!$E:$E,0))/100,"") | V37: TIGER 코리아휴머노이드로봇산업 | W37: =IFERROR(INDEX(인컴2!$E$1:$Q$47, MATCH(V37, 인컴2!E:E, 0), 8), "") -> 9335
A38: 6 | C38: 조선기자재 | D38: =IF(V38="","",IFERROR(INDEX(인컴2!E:E,MATCH(V38,인컴2!E:E,0)),IFERROR(INDEX(블루1!E:E,MATCH(V38,블루1!E:E,0)),IFERROR(INDEX(블루3!E:E,MATCH(V38,블루3!E:E,0)),V38)))) -> 세진중공업 | E38: 0 | F38: =IF($D38="","",SUMIF(인컴2!$E:$E,$D38,인컴2!$N:$N)/100000000) -> 0.02055 | G38: =IFERROR(F38/F$3, "") -> 0.00024662846 | H38: =IFERROR(IF(F38>0,($E38-G38)*G$3*100000000/$W38,""),"") -> -144.28881 | I38: =IFERROR(INDEX(인컴2!$Q:$Q,MATCH($D38,인컴2!$E:$E,0))/100,"") -> -0.0022 | J38: =IF($D38="","",SUMIF(블루1!$E:$E,$D38,블루1!$N:$N)/100000000) -> 0.01369 | K38: =IFERROR(J38/J$3, "") -> 0.0001608603 | L38: =IFERROR(IF(J38>0,($E38-K38)*K$3*100000000/$W38,""),"") -> -94.91385 | M38: =IFERROR(INDEX(블루1!$Q:$Q,MATCH($D38,블루1!$E:$E,0))/100,"") -> -0.0028 | N38: =IF($D38="","",SUMIF(블루3!$E:$E,$D38,블루3!$N:$N)/100000000) -> 0.02738 | O38: =IFERROR(N38/N$3, "") -> 0.00033765297 | P38: =IFERROR(IF(N38>0,($E38-O38)*O$3*100000000/$W38,""),"") -> -195.92482 | Q38: =IFERROR(INDEX(블루3!$Q:$Q,MATCH($D38,블루3!$E:$E,0))/100,"") -> -0.0035 | R38: =IF($D38="","",SUMIF(블루4!$E:$E,$D38,블루4!$N:$N)/100000000) -> 0.01369 | S38: =IFERROR(R38/R$3, "") -> 0.0008411363 | T38: =IFERROR(IF(R38>0,($E38-S38)*S$3*100000000/$W38,""),"") -> -88.300064 | U38: =IFERROR(INDEX(블루4!$Q:$Q,MATCH($D38,블루4!$E:$E,0))/100,"") -> -0.0032 | V38: 세진중공업 | W38: =IFERROR(INDEX(인컴2!$E$1:$Q$47, MATCH(V38, 인컴2!E:E, 0), 8), "") -> 13700
C39: 산업재 소계 | E39: =SUM(E33:E38) -> 0.125 | F39: =SUM(F33:F38) -> 10.3134 | G39: =IFERROR(F39/F$3, "") -> 0.12377509 | H39: =IFERROR(($E39-G39)*F$4*100000000/$W39, "") | J39: =SUM(J33:J38) -> 11.62224 | K39: =IFERROR(J39/J$3, "") -> 0.1365637 | N39: =SUM(N33:N38) -> 10.28953 | O39: =IFERROR(N39/N$3, "") -> 0.12689154 | R39: =SUM(R33:R38) -> 1.28119 | S39: =IFERROR(R39/R$3, "") -> 0.078718438 | W39: =IFERROR(INDEX(인컴2!$E$1:$Q$47, MATCH(V39, 인컴2!E:E, 0), 8), "")
B40: 에너지 | D40: =IF(V40="","",IFERROR(INDEX(인컴2!E:E,MATCH(V40,인컴2!E:E,0)),IFERROR(INDEX(블루1!E:E,MATCH(V40,블루1!E:E,0)),IFERROR(INDEX(블루3!E:E,MATCH(V40,블루3!E:E,0)),V40)))) | F40: =IF($D40="","",SUMIF(인컴2!$E:$E,$D40,인컴2!$N:$N)/100000000) | G40: =IFERROR(F40/F$3, "") | H40: =IFERROR(IF(F40>0,($E40-G40)*G$3*100000000/$W40,""),"") | I40: =IFERROR(INDEX(인컴2!$Q:$Q,MATCH($D40,인컴2!$E:$E,0))/100,"") | J40: =IF($D40="","",SUMIF(블루1!$E:$E,$D40,블루1!$N:$N)/100000000) | K40: =IFERROR(J40/J$3, "") | L40: =IFERROR(IF(J40>0,($E40-K40)*K$3*100000000/$W40,""),"") | M40: =IFERROR(INDEX(블루1!$Q:$Q,MATCH($D40,블루1!$E:$E,0))/100,"") | N40: =IF($D40="","",SUMIF(블루3!$E:$E,$D40,블루3!$N:$N)/100000000) | O40: =IFERROR(N40/N$3, "") | P40: =IFERROR(IF(N40>0,($E40-O40)*O$3*100000000/$W40,""),"") | Q40: =IFERROR(INDEX(블루3!$Q:$Q,MATCH($D40,블루3!$E:$E,0))/100,"") | R40: =IF($D40="","",SUMIF(블루4!$E:$E,$D40,블루4!$N:$N)/100000000) | S40: =IFERROR(R40/R$3, "") | T40: =IFERROR(IF(R40>0,($E40-S40)*S$3*100000000/$W40,""),"") | U40: =IFERROR(INDEX(블루4!$Q:$Q,MATCH($D40,블루4!$E:$E,0))/100,"") | W40: =IFERROR(INDEX(인컴2!$E$1:$Q$47, MATCH(V40, 인컴2!E:E, 0), 8), "")
B41: =SUM(E40:E42) -> 0 | D41: =IF(V41="","",IFERROR(INDEX(인컴2!E:E,MATCH(V41,인컴2!E:E,0)),IFERROR(INDEX(블루1!E:E,MATCH(V41,블루1!E:E,0)),IFERROR(INDEX(블루3!E:E,MATCH(V41,블루3!E:E,0)),V41)))) | F41: =IF($D41="","",SUMIF(인컴2!$E:$E,$D41,인컴2!$N:$N)/100000000) | G41: =IFERROR(F41/F$3, "") | H41: =IFERROR(IF(F41>0,($E41-G41)*G$3*100000000/$W41,""),"") | I41: =IFERROR(INDEX(인컴2!$Q:$Q,MATCH($D41,인컴2!$E:$E,0))/100,"") | J41: =IF($D41="","",SUMIF(블루1!$E:$E,$D41,블루1!$N:$N)/100000000) | K41: =IFERROR(J41/J$3, "") | L41: =IFERROR(IF(J41>0,($E41-K41)*K$3*100000000/$W41,""),"") | M41: =IFERROR(INDEX(블루1!$Q:$Q,MATCH($D41,블루1!$E:$E,0))/100,"") | N41: =IF($D41="","",SUMIF(블루3!$E:$E,$D41,블루3!$N:$N)/100000000) | O41: =IFERROR(N41/N$3, "") | P41: =IFERROR(IF(N41>0,($E41-O41)*O$3*100000000/$W41,""),"") | Q41: =IFERROR(INDEX(블루3!$Q:$Q,MATCH($D41,블루3!$E:$E,0))/100,"") | R41: =IF($D41="","",SUMIF(블루4!$E:$E,$D41,블루4!$N:$N)/100000000) | S41: =IFERROR(R41/R$3, "") | T41: =IFERROR(IF(R41>0,($E41-S41)*S$3*100000000/$W41,""),"") | U41: =IFERROR(INDEX(블루4!$Q:$Q,MATCH($D41,블루4!$E:$E,0))/100,"") | W41: =IFERROR(INDEX(인컴2!$E$1:$Q$47, MATCH(V41, 인컴2!E:E, 0), 8), "")
D42: =IF(V42="","",IFERROR(INDEX(인컴2!E:E,MATCH(V42,인컴2!E:E,0)),IFERROR(INDEX(블루1!E:E,MATCH(V42,블루1!E:E,0)),IFERROR(INDEX(블루3!E:E,MATCH(V42,블루3!E:E,0)),V42)))) | F42: =IF($D42="","",SUMIF(인컴2!$E:$E,$D42,인컴2!$N:$N)/100000000) | G42: =IFERROR(F42/F$3, "") | H42: =IFERROR(IF(F42>0,($E42-G42)*G$3*100000000/$W42,""),"") | I42: =IFERROR(INDEX(인컴2!$Q:$Q,MATCH($D42,인컴2!$E:$E,0))/100,"") | J42: =IF($D42="","",SUMIF(블루1!$E:$E,$D42,블루1!$N:$N)/100000000) | K42: =IFERROR(J42/J$3, "") | L42: =IFERROR(IF(J42>0,($E42-K42)*K$3*100000000/$W42,""),"") | M42: =IFERROR(INDEX(블루1!$Q:$Q,MATCH($D42,블루1!$E:$E,0))/100,"") | N42: =IF($D42="","",SUMIF(블루3!$E:$E,$D42,블루3!$N:$N)/100000000) | O42: =IFERROR(N42/N$3, "") | P42: =IFERROR(IF(N42>0,($E42-O42)*O$3*100000000/$W42,""),"") | Q42: =IFERROR(INDEX(블루3!$Q:$Q,MATCH($D42,블루3!$E:$E,0))/100,"") | R42: =IF($D42="","",SUMIF(블루4!$E:$E,$D42,블루4!$N:$N)/100000000) | S42: =IFERROR(R42/R$3, "") | T42: =IFERROR(IF(R42>0,($E42-S42)*S$3*100000000/$W42,""),"") | U42: =IFERROR(INDEX(블루4!$Q:$Q,MATCH($D42,블루4!$E:$E,0))/100,"") | W42: =IFERROR(INDEX(인컴2!$E$1:$Q$47, MATCH(V42, 인컴2!E:E, 0), 8), "")
C43: 에너지 소계 | E43: =SUM(E40:E42) -> 0 | F43: =SUM(F40:F42) -> 0 | G43: =IFERROR(F43/F$3, "") -> 0 | H43: =IFERROR(($E43-G43)*F$4*100000000/$W43, "") | J43: =SUM(J40:J42) -> 0 | K43: =IFERROR(J43/J$3, "") -> 0 | N43: =SUM(N40:N42) -> 0 | O43: =IFERROR(N43/N$3, "") -> 0 | R43: =SUM(R40:R42) -> 0 | S43: =IFERROR(R43/R$3, "") -> 0 | W43: =IFERROR(INDEX(인컴2!$E$1:$Q$47, MATCH(V43, 인컴2!E:E, 0), 8), "")
A44: 1 | B44: 소비재 | C44: 자동차 | D44: =IF(V44="","",IFERROR(INDEX(인컴2!E:E,MATCH(V44,인컴2!E:E,0)),IFERROR(INDEX(블루1!E:E,MATCH(V44,블루1!E:E,0)),IFERROR(INDEX(블루3!E:E,MATCH(V44,블루3!E:E,0)),V44)))) -> SOL 자동차TOP3플러스 | E44: 0.04 | F44: =IF($D44="","",SUMIF(인컴2!$E:$E,$D44,인컴2!$N:$N)/100000000) -> 3.0775 | G44: =IFERROR(F44/F$3, "") -> 0.036934263 | H44: =IFERROR(IF(F44>0,($E44-G44)*G$3*100000000/$W44,""),"") -> 798.44849 | I44: =IFERROR(INDEX(인컴2!$Q:$Q,MATCH($D44,인컴2!$E:$E,0))/100,"") -> -0.0036 | J44: =IF($D44="","",SUMIF(블루1!$E:$E,$D44,블루1!$N:$N)/100000000) -> 3.0735 | K44: =IFERROR(J44/J$3, "") -> 0.036114255 | L44: =IFERROR(IF(J44>0,($E44-K44)*K$3*100000000/$W44,""),"") -> 1020.6516 | M44: =IFERROR(INDEX(블루1!$Q:$Q,MATCH($D44,블루1!$E:$E,0))/100,"") -> -0.0051 | N44: =IF($D44="","",SUMIF(블루3!$E:$E,$D44,블루3!$N:$N)/100000000) -> 3.0735 | O44: =IFERROR(N44/N$3, "") -> 0.037902717 | P44: =IFERROR(IF(N44>0,($E44-O44)*O$3*100000000/$W44,""),"") -> 541.74931 | Q44: =IFERROR(INDEX(블루3!$Q:$Q,MATCH($D44,블루3!$E:$E,0))/100,"") -> -0.0054 | R44: =IF($D44="","",SUMIF(블루4!$E:$E,$D44,블루4!$N:$N)/100000000) -> 1.075725 | S44: =IFERROR(R44/R$3, "") -> 0.066094328 | T44: =IFERROR(IF(R44>0,($E44-S44)*S$3*100000000/$W44,""),"") -> -1219.4479 | U44: =IFERROR(INDEX(블루4!$Q:$Q,MATCH($D44,블루4!$E:$E,0))/100,"") -> 0.0378 | V44: SOL 자동차TOP3플러스 | W44: =IFERROR(INDEX(인컴2!$E$1:$Q$47, MATCH(V44, 인컴2!E:E, 0), 8), "") -> 30775
A45: 2 | B45: =SUM(E44:E46) -> 0.07 | C45: 화장품 | D45: =IF(V45="","",IFERROR(INDEX(인컴2!E:E,MATCH(V45,인컴2!E:E,0)),IFERROR(INDEX(블루1!E:E,MATCH(V45,블루1!E:E,0)),IFERROR(INDEX(블루3!E:E,MATCH(V45,블루3!E:E,0)),V45)))) -> SOL 화장품TOP3플러스 | E45: 0.015 | F45: =IF($D45="","",SUMIF(인컴2!$E:$E,$D45,인컴2!$N:$N)/100000000) -> 1.0766 | G45: =IFERROR(F45/F$3, "") -> 0.012920691 | H45: =IFERROR(IF(F45>0,($E45-G45)*G$3*100000000/$W45,""),"") -> 1083.6092 | I45: =IFERROR(INDEX(인컴2!$Q:$Q,MATCH($D45,인컴2!$E:$E,0))/100,"") -> 0.0345 | J45: =IF($D45="","",SUMIF(블루1!$E:$E,$D45,블루1!$N:$N)/100000000) -> 1.07695 | K45: =IFERROR(J45/J$3, "") -> 0.012654383 | L45: =IFERROR(IF(J45>0,($E45-K45)*K$3*100000000/$W45,""),"") -> 1232.8266 | M45: =IFERROR(INDEX(블루1!$Q:$Q,MATCH($D45,블루1!$E:$E,0))/100,"") -> 0.0348 | N45: =IF($D45="","",SUMIF(블루3!$E:$E,$D45,블루3!$N:$N)/100000000) -> 1.07695 | O45: =IFERROR(N45/N$3, "") -> 0.013281058 | P45: =IFERROR(IF(N45>0,($E45-O45)*O$3*100000000/$W45,""),"") -> 888.47329 | Q45: =IFERROR(INDEX(블루3!$Q:$Q,MATCH($D45,블루3!$E:$E,0))/100,"") -> 0.0354 | R45: =IF($D45="","",SUMIF(블루4!$E:$E,$D45,블루4!$N:$N)/100000000) -> 1.07695 | S45: =IFERROR(R45/R$3, "") -> 0.066169594 | T45: =IFERROR(IF(R45>0,($E45-S45)*S$3*100000000/$W45,""),"") -> -4784.8777 | U45: =IFERROR(INDEX(블루4!$Q:$Q,MATCH($D45,블루4!$E:$E,0))/100,"") -> 0.0348 | V45: SOL 화장품TOP3플러스 | W45: =IFERROR(INDEX(인컴2!$E$1:$Q$47, MATCH(V45, 인컴2!E:E, 0), 8), "") -> 15380
A46: 3 | C46: 화장품 | D46: =IF(V46="","",IFERROR(INDEX(인컴2!E:E,MATCH(V46,인컴2!E:E,0)),IFERROR(INDEX(블루1!E:E,MATCH(V46,블루1!E:E,0)),IFERROR(INDEX(블루3!E:E,MATCH(V46,블루3!E:E,0)),V46)))) -> 파마리서치 | E46: 0.015 | F46: =IF($D46="","",SUMIF(인컴2!$E:$E,$D46,인컴2!$N:$N)/100000000) -> 1.13575 | G46: =IFERROR(F46/F$3, "") -> 0.013630573 | H46: =IFERROR(IF(F46>0,($E46-G46)*G$3*100000000/$W46,""),"") -> 33.824716 | I46: =IFERROR(INDEX(인컴2!$Q:$Q,MATCH($D46,인컴2!$E:$E,0))/100,"") -> -0.0133 | J46: =IF($D46="","",SUMIF(블루1!$E:$E,$D46,블루1!$N:$N)/100000000) -> 1.13925 | K46: =IFERROR(J46/J$3, "") -> 0.013386421 | L46: =IFERROR(IF(J46>0,($E46-K46)*K$3*100000000/$W46,""),"") -> 40.195444 | M46: =IFERROR(INDEX(블루1!$Q:$Q,MATCH($D46,블루1!$E:$E,0))/100,"") -> -0.0102 | N46: =IF($D46="","",SUMIF(블루3!$E:$E,$D46,블루3!$N:$N)/100000000) -> 1.13925 | O46: =IFERROR(N46/N$3, "") -> 0.014049348 | P46: =IFERROR(IF(N46>0,($E46-O46)*O$3*100000000/$W46,""),"") -> 23.288761 | Q46: =IFERROR(INDEX(블루3!$Q:$Q,MATCH($D46,블루3!$E:$E,0))/100,"") -> -0.0103 | R46: =IF($D46="","",SUMIF(블루4!$E:$E,$D46,블루4!$N:$N)/100000000) -> 1.13925 | S46: =IFERROR(R46/R$3, "") -> 0.069997409 | T46: =IFERROR(IF(R46>0,($E46-S46)*S$3*100000000/$W46,""),"") -> -243.74894 | U46: =IFERROR(INDEX(블루4!$Q:$Q,MATCH($D46,블루4!$E:$E,0))/100,"") -> -0.0103 | V46: 파마리서치 | W46: =IFERROR(INDEX(인컴2!$E$1:$Q$47, MATCH(V46, 인컴2!E:E, 0), 8), "") -> 324500
C47: 소비재 소계 | E47: =SUM(E44:E46) -> 0.07 | F47: =SUM(F44:F46) -> 5.28985 | G47: =IFERROR(F47/F$3, "") -> 0.063485527 | H47: =IFERROR(($E47-G47)*F$4*100000000/$W47, "") | J47: =SUM(J44:J46) -> 5.2897 | K47: =IFERROR(J47/J$3, "") -> 0.062155059 | N47: =SUM(N44:N46) -> 5.2897 | O47: =IFERROR(N47/N$3, "") -> 0.065233123 | R47: =SUM(R44:R46) -> 3.291925 | S47: =IFERROR(R47/R$3, "") -> 0.20226133 | W47: =IFERROR(INDEX(인컴2!$E$1:$Q$47, MATCH(V47, 인컴2!E:E, 0), 8), "")
B48: 서비스 | D48: =IF(V48="","",IFERROR(INDEX(인컴2!E:E,MATCH(V48,인컴2!E:E,0)),IFERROR(INDEX(블루1!E:E,MATCH(V48,블루1!E:E,0)),IFERROR(INDEX(블루3!E:E,MATCH(V48,블루3!E:E,0)),V48)))) | F48: =IF($D48="","",SUMIF(인컴2!$E:$E,$D48,인컴2!$N:$N)/100000000) | G48: =IFERROR(F48/F$3, "") | H48: =IFERROR(IF(F48>0,($E48-G48)*G$3*100000000/$W48,""),"") | I48: =IFERROR(INDEX(인컴2!$Q:$Q,MATCH($D48,인컴2!$E:$E,0))/100,"") | J48: =IF($D48="","",SUMIF(블루1!$E:$E,$D48,블루1!$N:$N)/100000000) | K48: =IFERROR(J48/J$3, "") | L48: =IFERROR(IF(J48>0,($E48-K48)*K$3*100000000/$W48,""),"") | M48: =IFERROR(INDEX(블루1!$Q:$Q,MATCH($D48,블루1!$E:$E,0))/100,"") | N48: =IF($D48="","",SUMIF(블루3!$E:$E,$D48,블루3!$N:$N)/100000000) | O48: =IFERROR(N48/N$3, "") | P48: =IFERROR(IF(N48>0,($E48-O48)*O$3*100000000/$W48,""),"") | Q48: =IFERROR(INDEX(블루3!$Q:$Q,MATCH($D48,블루3!$E:$E,0))/100,"") | R48: =IF($D48="","",SUMIF(블루4!$E:$E,$D48,블루4!$N:$N)/100000000) | S48: =IFERROR(R48/R$3, "") | T48: =IFERROR(IF(R48>0,($E48-S48)*S$3*100000000/$W48,""),"") | U48: =IFERROR(INDEX(블루4!$Q:$Q,MATCH($D48,블루4!$E:$E,0))/100,"") | W48: =IFERROR(INDEX(인컴2!$E$1:$Q$47, MATCH(V48, 인컴2!E:E, 0), 8), "")
B49: =SUM(E48:E50) -> 0 | D49: =IF(V49="","",IFERROR(INDEX(인컴2!E:E,MATCH(V49,인컴2!E:E,0)),IFERROR(INDEX(블루1!E:E,MATCH(V49,블루1!E:E,0)),IFERROR(INDEX(블루3!E:E,MATCH(V49,블루3!E:E,0)),V49)))) | F49: =IF($D49="","",SUMIF(인컴2!$E:$E,$D49,인컴2!$N:$N)/100000000) | G49: =IFERROR(F49/F$3, "") | H49: =IFERROR(IF(F49>0,($E49-G49)*G$3*100000000/$W49,""),"") | I49: =IFERROR(INDEX(인컴2!$Q:$Q,MATCH($D49,인컴2!$E:$E,0))/100,"") | J49: =IF($D49="","",SUMIF(블루1!$E:$E,$D49,블루1!$N:$N)/100000000) | K49: =IFERROR(J49/J$3, "") | L49: =IFERROR(IF(J49>0,($E49-K49)*K$3*100000000/$W49,""),"") | M49: =IFERROR(INDEX(블루1!$Q:$Q,MATCH($D49,블루1!$E:$E,0))/100,"") | N49: =IF($D49="","",SUMIF(블루3!$E:$E,$D49,블루3!$N:$N)/100000000) | O49: =IFERROR(N49/N$3, "") | P49: =IFERROR(IF(N49>0,($E49-O49)*O$3*100000000/$W49,""),"") | Q49: =IFERROR(INDEX(블루3!$Q:$Q,MATCH($D49,블루3!$E:$E,0))/100,"") | R49: =IF($D49="","",SUMIF(블루4!$E:$E,$D49,블루4!$N:$N)/100000000) | S49: =IFERROR(R49/R$3, "") | T49: =IFERROR(IF(R49>0,($E49-S49)*S$3*100000000/$W49,""),"") | U49: =IFERROR(INDEX(블루4!$Q:$Q,MATCH($D49,블루4!$E:$E,0))/100,"") | W49: =IFERROR(INDEX(인컴2!$E$1:$Q$47, MATCH(V49, 인컴2!E:E, 0), 8), "")
D50: =IF(V50="","",IFERROR(INDEX(인컴2!E:E,MATCH(V50,인컴2!E:E,0)),IFERROR(INDEX(블루1!E:E,MATCH(V50,블루1!E:E,0)),IFERROR(INDEX(블루3!E:E,MATCH(V50,블루3!E:E,0)),V50)))) | F50: =IF($D50="","",SUMIF(인컴2!$E:$E,$D50,인컴2!$N:$N)/100000000) | G50: =IFERROR(F50/F$3, "") | H50: =IFERROR(IF(F50>0,($E50-G50)*G$3*100000000/$W50,""),"") | I50: =IFERROR(INDEX(인컴2!$Q:$Q,MATCH($D50,인컴2!$E:$E,0))/100,"") | J50: =IF($D50="","",SUMIF(블루1!$E:$E,$D50,블루1!$N:$N)/100000000) | K50: =IFERROR(J50/J$3, "") | L50: =IFERROR(IF(J50>0,($E50-K50)*K$3*100000000/$W50,""),"") | M50: =IFERROR(INDEX(블루1!$Q:$Q,MATCH($D50,블루1!$E:$E,0))/100,"") | N50: =IF($D50="","",SUMIF(블루3!$E:$E,$D50,블루3!$N:$N)/100000000) | O50: =IFERROR(N50/N$3, "") | P50: =IFERROR(IF(N50>0,($E50-O50)*O$3*100000000/$W50,""),"") | Q50: =IFERROR(INDEX(블루3!$Q:$Q,MATCH($D50,블루3!$E:$E,0))/100,"") | R50: =IF($D50="","",SUMIF(블루4!$E:$E,$D50,블루4!$N:$N)/100000000) | S50: =IFERROR(R50/R$3, "") | T50: =IFERROR(IF(R50>0,($E50-S50)*S$3*100000000/$W50,""),"") | U50: =IFERROR(INDEX(블루4!$Q:$Q,MATCH($D50,블루4!$E:$E,0))/100,"") | W50: =IFERROR(INDEX(인컴2!$E$1:$Q$47, MATCH(V50, 인컴2!E:E, 0), 8), "")
C51: 서비스 소계 | E51: =SUM(E48:E50) -> 0 | F51: =SUM(F48:F50) -> 0 | G51: =IFERROR(F51/F$3, "") -> 0 | H51: =IFERROR(($E51-G51)*F$4*100000000/$W51, "") | J51: =SUM(J48:J50) -> 0 | K51: =IFERROR(J51/J$3, "") -> 0 | N51: =SUM(N48:N50) -> 0 | O51: =IFERROR(N51/N$3, "") -> 0 | R51: =SUM(R48:R50) -> 0 | S51: =IFERROR(R51/R$3, "") -> 0 | W51: =IFERROR(INDEX(인컴2!$E$1:$Q$47, MATCH(V51, 인컴2!E:E, 0), 8), "")
A52: 1 | B52: 지주 | C52: 지주 | D52: =IF(V52="","",IFERROR(INDEX(인컴2!E:E,MATCH(V52,인컴2!E:E,0)),IFERROR(INDEX(블루1!E:E,MATCH(V52,블루1!E:E,0)),IFERROR(INDEX(블루3!E:E,MATCH(V52,블루3!E:E,0)),V52)))) -> LG | E52: 0.03 | F52: =IF($D52="","",SUMIF(인컴2!$E:$E,$D52,인컴2!$N:$N)/100000000) -> 2.3644 | G52: =IFERROR(F52/F$3, "") -> 0.028376075 | H52: =IFERROR(IF(F52>0,($E52-G52)*G$3*100000000/$W52,""),"") -> 126.61434 | I52: =IFERROR(INDEX(인컴2!$Q:$Q,MATCH($D52,인컴2!$E:$E,0))/100,"") -> -0.0096 | J52: =IF($D52="","",SUMIF(블루1!$E:$E,$D52,블루1!$N:$N)/100000000) -> 2.3552 | K52: =IFERROR(J52/J$3, "") -> 0.027674083 | L52: =IFERROR(IF(J52>0,($E52-K52)*K$3*100000000/$W52,""),"") -> 182.89526 | M52: =IFERROR(INDEX(블루1!$Q:$Q,MATCH($D52,블루1!$E:$E,0))/100,"") -> -0.0134 | N52: =IF($D52="","",SUMIF(블루3!$E:$E,$D52,블루3!$N:$N)/100000000) -> 2.3552 | O52: =IFERROR(N52/N$3, "") -> 0.029044568 | P52: =IFERROR(IF(N52>0,($E52-O52)*O$3*100000000/$W52,""),"") -> 73.883272 | Q52: =IFERROR(INDEX(블루3!$Q:$Q,MATCH($D52,블루3!$E:$E,0))/100,"") -> -0.0135 | R52: =IF($D52="","",SUMIF(블루4!$E:$E,$D52,블루4!$N:$N)/100000000) -> 0 | S52: =IFERROR(R52/R$3, "") -> 0 | T52: =IFERROR(IF(R52>0,($E52-S52)*S$3*100000000/$W52,""),"") | U52: =IFERROR(INDEX(블루4!$Q:$Q,MATCH($D52,블루4!$E:$E,0))/100,"") | V52: LG | W52: =IFERROR(INDEX(인컴2!$E$1:$Q$47, MATCH(V52, 인컴2!E:E, 0), 8), "") -> 102800
A53: 2 | B53: =SUM(E52:E53) -> 0.06 | C53: 우선주 | D53: =IF(V53="","",IFERROR(INDEX(인컴2!E:E,MATCH(V53,인컴2!E:E,0)),IFERROR(INDEX(블루1!E:E,MATCH(V53,블루1!E:E,0)),IFERROR(INDEX(블루3!E:E,MATCH(V53,블루3!E:E,0)),V53)))) -> TIGER 우선주 | E53: 0.03 | F53: =IF($D53="","",SUMIF(인컴2!$E:$E,$D53,인컴2!$N:$N)/100000000) -> 2.725 | G53: =IFERROR(F53/F$3, "") -> 0.032703774 | H53: =IFERROR(IF(F53>0,($E53-G53)*G$3*100000000/$W53,""),"") -> -795.26887 | I53: =IFERROR(INDEX(인컴2!$Q:$Q,MATCH($D53,인컴2!$E:$E,0))/100,"") -> -0.0938 | J53: =IF($D53="","",SUMIF(블루1!$E:$E,$D53,블루1!$N:$N)/100000000) -> 2.725 | K53: =IFERROR(J53/J$3, "") -> 0.032019308 | L53: =IFERROR(IF(J53>0,($E53-K53)*K$3*100000000/$W53,""),"") -> -599.01458 | M53: =IFERROR(INDEX(블루1!$Q:$Q,MATCH($D53,블루1!$E:$E,0))/100,"") -> -0.0938 | N53: =IF($D53="","",SUMIF(블루3!$E:$E,$D53,블루3!$N:$N)/100000000) -> 2.725 | O53: =IFERROR(N53/N$3, "") -> 0.03360498 | P53: =IFERROR(IF(N53>0,($E53-O53)*O$3*100000000/$W53,""),"") -> -1051.661 | Q53: =IFERROR(INDEX(블루3!$Q:$Q,MATCH($D53,블루3!$E:$E,0))/100,"") -> -0.0938 | R53: =IF($D53="","",SUMIF(블루4!$E:$E,$D53,블루4!$N:$N)/100000000) -> 0 | S53: =IFERROR(R53/R$3, "") -> 0 | T53: =IFERROR(IF(R53>0,($E53-S53)*S$3*100000000/$W53,""),"") | U53: =IFERROR(INDEX(블루4!$Q:$Q,MATCH($D53,블루4!$E:$E,0))/100,"") | V53: TIGER 우선주 | W53: =IFERROR(INDEX(인컴2!$E$1:$Q$47, MATCH(V53, 인컴2!E:E, 0), 8), "") -> 27250
C54: 지주 소계 | E54: =SUM(E52:E53) -> 0.06 | F54: =SUM(F52:F53) -> 5.0894 | G54: =IFERROR(F54/F$3, "") -> 0.061079849 | H54: =IFERROR(($E54-G54)*F$4*100000000/$W54, "") | J54: =SUM(J52:J53) -> 5.0802 | K54: =IFERROR(J54/J$3, "") -> 0.059693391 | N54: =SUM(N52:N53) -> 5.0802 | O54: =IFERROR(N54/N$3, "") -> 0.062649548 | R54: =SUM(R52:R53) -> 0 | S54: =IFERROR(R54/R$3, "") -> 0 | W54: =IFERROR(INDEX(인컴2!$E$1:$Q$47, MATCH(V54, 인컴2!E:E, 0), 8), "")
A55: 1 | B55: 원자재 | C55: 원자재 | D55: =IF(V55="","",IFERROR(INDEX(인컴2!E:E,MATCH(V55,인컴2!E:E,0)),IFERROR(INDEX(블루1!E:E,MATCH(V55,블루1!E:E,0)),IFERROR(INDEX(블루3!E:E,MATCH(V55,블루3!E:E,0)),V55)))) -> 제이에스링크 | E55: 0.025 | F55: =IF($D55="","",SUMIF(인컴2!$E:$E,$D55,인컴2!$N:$N)/100000000) -> 2.01025 | G55: =IFERROR(F55/F$3, "") -> 0.024125784 | H55: =IFERROR(IF(F55>0,($E55-G55)*G$3*100000000/$W55,""),"") -> 191.70841 | I55: =IFERROR(INDEX(인컴2!$Q:$Q,MATCH($D55,인컴2!$E:$E,0))/100,"") -> -0.0664 | J55: =IF($D55="","",SUMIF(블루1!$E:$E,$D55,블루1!$N:$N)/100000000) -> 2.01025 | K55: =IFERROR(J55/J$3, "") -> 0.023620849 | L55: =IFERROR(IF(J55>0,($E55-K55)*K$3*100000000/$W55,""),"") -> 305.01809 | M55: =IFERROR(INDEX(블루1!$Q:$Q,MATCH($D55,블루1!$E:$E,0))/100,"") -> -0.0662 | N55: =IF($D55="","",SUMIF(블루3!$E:$E,$D55,블루3!$N:$N)/100000000) -> 2.01025 | O55: =IFERROR(N55/N$3, "") -> 0.024790609 | P55: =IFERROR(IF(N55>0,($E55-O55)*O$3*100000000/$W55,""),"") -> 45.541739 | Q55: =IFERROR(INDEX(블루3!$Q:$Q,MATCH($D55,블루3!$E:$E,0))/100,"") -> -0.0452 | R55: =IF($D55="","",SUMIF(블루4!$E:$E,$D55,블루4!$N:$N)/100000000) -> 0 | S55: =IFERROR(R55/R$3, "") -> 0 | T55: =IFERROR(IF(R55>0,($E55-S55)*S$3*100000000/$W55,""),"") | U55: =IFERROR(INDEX(블루4!$Q:$Q,MATCH($D55,블루4!$E:$E,0))/100,"") | V55: 제이에스링크 | W55: =IFERROR(INDEX(인컴2!$E$1:$Q$47, MATCH(V55, 인컴2!E:E, 0), 8), "") -> 36550
A56: 2 | B56: =SUM(E55:E56) -> 0.025 | C56: 원유 | D56: =IF(V56="","",IFERROR(INDEX(인컴2!E:E,MATCH(V56,인컴2!E:E,0)),IFERROR(INDEX(블루1!E:E,MATCH(V56,블루1!E:E,0)),IFERROR(INDEX(블루3!E:E,MATCH(V56,블루3!E:E,0)),V56)))) -> KODEX WTI원유선물인버스(H) | E56: 0 | F56: =IF($D56="","",SUMIF(인컴2!$E:$E,$D56,인컴2!$N:$N)/100000000) -> 1.0537 | G56: =IFERROR(F56/F$3, "") -> 0.01264586 | H56: =IFERROR(IF(F56>0,($E56-G56)*G$3*100000000/$W56,""),"") -> -39438.942 | I56: =IFERROR(INDEX(인컴2!$Q:$Q,MATCH($D56,인컴2!$E:$E,0))/100,"") -> 0.2757 | J56: =IF($D56="","",SUMIF(블루1!$E:$E,$D56,블루1!$N:$N)/100000000) -> 1.05165 | K56: =IFERROR(J56/J$3, "") -> 0.012357103 | L56: =IFERROR(IF(J56>0,($E56-K56)*K$3*100000000/$W56,""),"") -> -38867.339 | M56: =IFERROR(INDEX(블루1!$Q:$Q,MATCH($D56,블루1!$E:$E,0))/100,"") -> 0.2733 | N56: =IF($D56="","",SUMIF(블루3!$E:$E,$D56,블루3!$N:$N)/100000000) -> 1.043955 | O56: =IFERROR(N56/N$3, "") -> 0.01287416 | P56: =IFERROR(IF(N56>0,($E56-O56)*O$3*100000000/$W56,""),"") -> -39822.199 | Q56: =IFERROR(INDEX(블루3!$Q:$Q,MATCH($D56,블루3!$E:$E,0))/100,"") -> 0.2733 | R56: =IF($D56="","",SUMIF(블루4!$E:$E,$D56,블루4!$N:$N)/100000000) -> 0 | S56: =IFERROR(R56/R$3, "") -> 0 | T56: =IFERROR(IF(R56>0,($E56-S56)*S$3*100000000/$W56,""),"") | U56: =IFERROR(INDEX(블루4!$Q:$Q,MATCH($D56,블루4!$E:$E,0))/100,"") | V56: KODEX WTI원유선물인버스(H) | W56: =IFERROR(INDEX(인컴2!$E$1:$Q$47, MATCH(V56, 인컴2!E:E, 0), 8), "") -> 2570
C57: 원자재 소계 | E57: =SUM(E55:E56) -> 0.025 | F57: =SUM(F55:F56) -> 3.06395 | G57: =IFERROR(F57/F$3, "") -> 0.036771644 | H57: =IFERROR(($E57-G57)*F$4*100000000/$W57, "") | J57: =SUM(J55:J56) -> 3.0619 | K57: =IFERROR(J57/J$3, "") -> 0.035977952 | N57: =SUM(N55:N56) -> 3.054205 | O57: =IFERROR(N57/N$3, "") -> 0.037664769 | R57: =SUM(R55:R56) -> 0 | S57: =IFERROR(R57/R$3, "") -> 0 | W57: =IFERROR(INDEX(인컴2!$E$1:$Q$47, MATCH(V57, 인컴2!E:E, 0), 8), "")
A58: 1 | B58: 지수 | C58: 코스닥 | D58: =IF(V58="","",IFERROR(INDEX(인컴2!E:E,MATCH(V58,인컴2!E:E,0)),IFERROR(INDEX(블루1!E:E,MATCH(V58,블루1!E:E,0)),IFERROR(INDEX(블루3!E:E,MATCH(V58,블루3!E:E,0)),V58)))) -> KODEX 코스닥150레버리지 | E58: 0.055 | F58: =IF($D58="","",SUMIF(인컴2!$E:$E,$D58,인컴2!$N:$N)/100000000) -> 4.3575 | G58: =IFERROR(F58/F$3, "") -> 0.052296036 | H58: =IFERROR(IF(F58>0,($E58-G58)*G$3*100000000/$W58,""),"") -> 2486.8157 | I58: =IFERROR(INDEX(인컴2!$Q:$Q,MATCH($D58,인컴2!$E:$E,0))/100,"") -> -0.4113 | J58: =IF($D58="","",SUMIF(블루1!$E:$E,$D58,블루1!$N:$N)/100000000) -> 4.3525 | K58: =IFERROR(J58/J$3, "") -> 0.051142767 | L58: =IFERROR(IF(J58>0,($E58-K58)*K$3*100000000/$W58,""),"") -> 3577.7483 | M58: =IFERROR(INDEX(블루1!$Q:$Q,MATCH($D58,블루1!$E:$E,0))/100,"") -> -0.4229 | N58: =IF($D58="","",SUMIF(블루3!$E:$E,$D58,블루3!$N:$N)/100000000) -> 4.3525 | O58: =IFERROR(N58/N$3, "") -> 0.053675477 | P58: =IFERROR(IF(N58>0,($E58-O58)*O$3*100000000/$W58,""),"") -> 1208.1802 | Q58: =IFERROR(INDEX(블루3!$Q:$Q,MATCH($D58,블루3!$E:$E,0))/100,"") -> -0.3791 | R58: =IF($D58="","",SUMIF(블루4!$E:$E,$D58,블루4!$N:$N)/100000000) -> 0.8705 | S58: =IFERROR(R58/R$3, "") -> 0.053484964 | T58: =IFERROR(IF(R58>0,($E58-S58)*S$3*100000000/$W58,""),"") -> 250.01776 | U58: =IFERROR(INDEX(블루4!$Q:$Q,MATCH($D58,블루4!$E:$E,0))/100,"") -> -0.204 | V58: KODEX 코스닥150레버리지 | W58: =IFERROR(INDEX(인컴2!$E$1:$Q$47, MATCH(V58, 인컴2!E:E, 0), 8), "") -> 8715
B59: =SUM(E58:E59) -> 0.055 | D59: =IF(V59="","",IFERROR(INDEX(인컴2!E:E,MATCH(V59,인컴2!E:E,0)),IFERROR(INDEX(블루1!E:E,MATCH(V59,블루1!E:E,0)),IFERROR(INDEX(블루3!E:E,MATCH(V59,블루3!E:E,0)),V59)))) | F59: =IF($D59="","",SUMIF(인컴2!$E:$E,$D59,인컴2!$N:$N)/100000000) | G59: =IFERROR(F59/F$3, "") | H59: =IFERROR(IF(F59>0,($E59-G59)*G$3*100000000/$W59,""),"") | I59: =IFERROR(INDEX(인컴2!$Q:$Q,MATCH($D59,인컴2!$E:$E,0))/100,"") | J59: =IF($D59="","",SUMIF(블루1!$E:$E,$D59,블루1!$N:$N)/100000000) | K59: =IFERROR(J59/J$3, "") | L59: =IFERROR(IF(J59>0,($E59-K59)*K$3*100000000/$W59,""),"") | M59: =IFERROR(INDEX(블루1!$Q:$Q,MATCH($D59,블루1!$E:$E,0))/100,"") | N59: =IF($D59="","",SUMIF(블루3!$E:$E,$D59,블루3!$N:$N)/100000000) | O59: =IFERROR(N59/N$3, "") | P59: =IFERROR(IF(N59>0,($E59-O59)*O$3*100000000/$W59,""),"") | Q59: =IFERROR(INDEX(블루3!$Q:$Q,MATCH($D59,블루3!$E:$E,0))/100,"") | R59: =IF($D59="","",SUMIF(블루4!$E:$E,$D59,블루4!$N:$N)/100000000) | S59: =IFERROR(R59/R$3, "") | T59: =IFERROR(IF(R59>0,($E59-S59)*S$3*100000000/$W59,""),"") | U59: =IFERROR(INDEX(블루4!$Q:$Q,MATCH($D59,블루4!$E:$E,0))/100,"") | W59: =IFERROR(INDEX(인컴2!$E$1:$Q$47, MATCH(V59, 인컴2!E:E, 0), 8), "")
C60: 지수 소계 | E60: =SUM(E58:E59) -> 0.055 | F60: =SUM(F58:F59) -> 4.3575 | G60: =IFERROR(F60/F$3, "") -> 0.052296036 | H60: =IFERROR(($E60-G60)*F$4*100000000/$W60, "") | J60: =SUM(J58:J59) -> 4.3525 | K60: =IFERROR(J60/J$3, "") -> 0.051142767 | N60: =SUM(N58:N59) -> 4.3525 | O60: =IFERROR(N60/N$3, "") -> 0.053675477 | R60: =SUM(R58:R59) -> 0.8705 | S60: =IFERROR(R60/R$3, "") -> 0.053484964 | W60: =IFERROR(INDEX(인컴2!$E$1:$Q$47, MATCH(V60, 인컴2!E:E, 0), 8), "")
A61: 1 | B61: 기타 | D61: =IF(V61="","",IFERROR(INDEX(인컴2!E:E,MATCH(V61,인컴2!E:E,0)),IFERROR(INDEX(블루1!E:E,MATCH(V61,블루1!E:E,0)),IFERROR(INDEX(블루3!E:E,MATCH(V61,블루3!E:E,0)),V61)))) -> 이지스레지던스리츠 | F61: =IF($D61="","",SUMIF(인컴2!$E:$E,$D61,인컴2!$N:$N)/100000000) -> 0 | G61: =IFERROR(F61/F$3, "") -> 0 | H61: =IFERROR(IF(F61>0,($E61-G61)*G$3*100000000/$W61,""),"") | I61: =IFERROR(INDEX(인컴2!$Q:$Q,MATCH($D61,인컴2!$E:$E,0))/100,"") | J61: =IF($D61="","",SUMIF(블루1!$E:$E,$D61,블루1!$N:$N)/100000000) -> 8.8127121 | K61: =IFERROR(J61/J$3, "") -> 0.10355117 | L61: =IFERROR(IF(J61>0,($E61-K61)*K$3*100000000/$W61,""),"") | M61: =IFERROR(INDEX(블루1!$Q:$Q,MATCH($D61,블루1!$E:$E,0))/100,"") -> -0.1239 | N61: =IF($D61="","",SUMIF(블루3!$E:$E,$D61,블루3!$N:$N)/100000000) -> 0 | O61: =IFERROR(N61/N$3, "") -> 0 | P61: =IFERROR(IF(N61>0,($E61-O61)*O$3*100000000/$W61,""),"") | Q61: =IFERROR(INDEX(블루3!$Q:$Q,MATCH($D61,블루3!$E:$E,0))/100,"") | R61: =IF($D61="","",SUMIF(블루4!$E:$E,$D61,블루4!$N:$N)/100000000) -> 0 | S61: =IFERROR(R61/R$3, "") -> 0 | T61: =IFERROR(IF(R61>0,($E61-S61)*S$3*100000000/$W61,""),"") | U61: =IFERROR(INDEX(블루4!$Q:$Q,MATCH($D61,블루4!$E:$E,0))/100,"") | V61: 이지스레지던스리츠 | W61: =IFERROR(INDEX(인컴2!$E$1:$Q$47, MATCH(V61, 인컴2!E:E, 0), 8), "")
A62: 2 | B62: =SUM(E61:E68) -> 0 | D62: =IF(V62="","",IFERROR(INDEX(인컴2!E:E,MATCH(V62,인컴2!E:E,0)),IFERROR(INDEX(블루1!E:E,MATCH(V62,블루1!E:E,0)),IFERROR(INDEX(블루3!E:E,MATCH(V62,블루3!E:E,0)),V62)))) -> 현대엘리베이터 | F62: =IF($D62="","",SUMIF(인컴2!$E:$E,$D62,인컴2!$N:$N)/100000000) -> 0 | G62: =IFERROR(F62/F$3, "") -> 0 | H62: =IFERROR(IF(F62>0,($E62-G62)*G$3*100000000/$W62,""),"") | I62: =IFERROR(INDEX(인컴2!$Q:$Q,MATCH($D62,인컴2!$E:$E,0))/100,"") | J62: =IF($D62="","",SUMIF(블루1!$E:$E,$D62,블루1!$N:$N)/100000000) -> 1.444 | K62: =IFERROR(J62/J$3, "") -> 0.016967296 | L62: =IFERROR(IF(J62>0,($E62-K62)*K$3*100000000/$W62,""),"") | M62: =IFERROR(INDEX(블루1!$Q:$Q,MATCH($D62,블루1!$E:$E,0))/100,"") -> -0.0755 | N62: =IF($D62="","",SUMIF(블루3!$E:$E,$D62,블루3!$N:$N)/100000000) -> 0 | O62: =IFERROR(N62/N$3, "") -> 0 | P62: =IFERROR(IF(N62>0,($E62-O62)*O$3*100000000/$W62,""),"") | Q62: =IFERROR(INDEX(블루3!$Q:$Q,MATCH($D62,블루3!$E:$E,0))/100,"") | R62: =IF($D62="","",SUMIF(블루4!$E:$E,$D62,블루4!$N:$N)/100000000) -> 0 | S62: =IFERROR(R62/R$3, "") -> 0 | T62: =IFERROR(IF(R62>0,($E62-S62)*S$3*100000000/$W62,""),"") | U62: =IFERROR(INDEX(블루4!$Q:$Q,MATCH($D62,블루4!$E:$E,0))/100,"") | V62: 현대엘리베이터 | W62: =IFERROR(INDEX(인컴2!$E$1:$Q$47, MATCH(V62, 인컴2!E:E, 0), 8), "")
A63: 3 | D63: =IF(V63="","",IFERROR(INDEX(인컴2!E:E,MATCH(V63,인컴2!E:E,0)),IFERROR(INDEX(블루1!E:E,MATCH(V63,블루1!E:E,0)),IFERROR(INDEX(블루3!E:E,MATCH(V63,블루3!E:E,0)),V63)))) -> 금호건설 | F63: =IF($D63="","",SUMIF(인컴2!$E:$E,$D63,인컴2!$N:$N)/100000000) -> 0 | G63: =IFERROR(F63/F$3, "") -> 0 | H63: =IFERROR(IF(F63>0,($E63-G63)*G$3*100000000/$W63,""),"") | I63: =IFERROR(INDEX(인컴2!$Q:$Q,MATCH($D63,인컴2!$E:$E,0))/100,"") | J63: =IF($D63="","",SUMIF(블루1!$E:$E,$D63,블루1!$N:$N)/100000000) -> 2.53258 | K63: =IFERROR(J63/J$3, "") -> 0.029758334 | L63: =IFERROR(IF(J63>0,($E63-K63)*K$3*100000000/$W63,""),"") | M63: =IFERROR(INDEX(블루1!$Q:$Q,MATCH($D63,블루1!$E:$E,0))/100,"") -> 1.5379 | N63: =IF($D63="","",SUMIF(블루3!$E:$E,$D63,블루3!$N:$N)/100000000) -> 0 | O63: =IFERROR(N63/N$3, "") -> 0 | P63: =IFERROR(IF(N63>0,($E63-O63)*O$3*100000000/$W63,""),"") | Q63: =IFERROR(INDEX(블루3!$Q:$Q,MATCH($D63,블루3!$E:$E,0))/100,"") | R63: =IF($D63="","",SUMIF(블루4!$E:$E,$D63,블루4!$N:$N)/100000000) -> 0 | S63: =IFERROR(R63/R$3, "") -> 0 | T63: =IFERROR(IF(R63>0,($E63-S63)*S$3*100000000/$W63,""),"") | U63: =IFERROR(INDEX(블루4!$Q:$Q,MATCH($D63,블루4!$E:$E,0))/100,"") | V63: 금호건설 | W63: =IFERROR(INDEX(인컴2!$E$1:$Q$47, MATCH(V63, 인컴2!E:E, 0), 8), "")
A64: 4 | D64: =IF(V64="","",IFERROR(INDEX(인컴2!E:E,MATCH(V64,인컴2!E:E,0)),IFERROR(INDEX(블루1!E:E,MATCH(V64,블루1!E:E,0)),IFERROR(INDEX(블루3!E:E,MATCH(V64,블루3!E:E,0)),V64)))) -> 삼성전기 | F64: =IF($D64="","",SUMIF(인컴2!$E:$E,$D64,인컴2!$N:$N)/100000000) -> 0 | G64: =IFERROR(F64/F$3, "") -> 0 | H64: =IFERROR(IF(F64>0,($E64-G64)*G$3*100000000/$W64,""),"") | I64: =IFERROR(INDEX(인컴2!$Q:$Q,MATCH($D64,인컴2!$E:$E,0))/100,"") | J64: =IF($D64="","",SUMIF(블루1!$E:$E,$D64,블루1!$N:$N)/100000000) -> 0 | K64: =IFERROR(J64/J$3, "") -> 0 | L64: =IFERROR(IF(J64>0,($E64-K64)*K$3*100000000/$W64,""),"") | M64: =IFERROR(INDEX(블루1!$Q:$Q,MATCH($D64,블루1!$E:$E,0))/100,"") | N64: =IF($D64="","",SUMIF(블루3!$E:$E,$D64,블루3!$N:$N)/100000000) -> 0 | O64: =IFERROR(N64/N$3, "") -> 0 | P64: =IFERROR(IF(N64>0,($E64-O64)*O$3*100000000/$W64,""),"") | Q64: =IFERROR(INDEX(블루3!$Q:$Q,MATCH($D64,블루3!$E:$E,0))/100,"") | R64: =IF($D64="","",SUMIF(블루4!$E:$E,$D64,블루4!$N:$N)/100000000) -> 1.8236 | S64: =IFERROR(R64/R$3, "") -> 0.11204501 | T64: =IFERROR(IF(R64>0,($E64-S64)*S$3*100000000/$W64,""),"") | U64: =IFERROR(INDEX(블루4!$Q:$Q,MATCH($D64,블루4!$E:$E,0))/100,"") -> -0.1016 | V64: 삼성전기 | W64: =IFERROR(INDEX(인컴2!$E$1:$Q$47, MATCH(V64, 인컴2!E:E, 0), 8), "")
A65: 5 | D65: =IF(V65="","",IFERROR(INDEX(인컴2!E:E,MATCH(V65,인컴2!E:E,0)),IFERROR(INDEX(블루1!E:E,MATCH(V65,블루1!E:E,0)),IFERROR(INDEX(블루3!E:E,MATCH(V65,블루3!E:E,0)),V65)))) -> 펩트론 | F65: =IF($D65="","",SUMIF(인컴2!$E:$E,$D65,인컴2!$N:$N)/100000000) -> 5.166 | G65: =IFERROR(F65/F$3, "") -> 0.061999156 | H65: =IFERROR(IF(F65>0,($E65-G65)*G$3*100000000/$W65,""),"") | I65: =IFERROR(INDEX(인컴2!$Q:$Q,MATCH($D65,인컴2!$E:$E,0))/100,"") -> -0.3266 | J65: =IF($D65="","",SUMIF(블루1!$E:$E,$D65,블루1!$N:$N)/100000000) -> 0 | K65: =IFERROR(J65/J$3, "") -> 0 | L65: =IFERROR(IF(J65>0,($E65-K65)*K$3*100000000/$W65,""),"") | M65: =IFERROR(INDEX(블루1!$Q:$Q,MATCH($D65,블루1!$E:$E,0))/100,"") | N65: =IF($D65="","",SUMIF(블루3!$E:$E,$D65,블루3!$N:$N)/100000000) -> 0 | O65: =IFERROR(N65/N$3, "") -> 0 | P65: =IFERROR(IF(N65>0,($E65-O65)*O$3*100000000/$W65,""),"") | Q65: =IFERROR(INDEX(블루3!$Q:$Q,MATCH($D65,블루3!$E:$E,0))/100,"") | R65: =IF($D65="","",SUMIF(블루4!$E:$E,$D65,블루4!$N:$N)/100000000) -> 0 | S65: =IFERROR(R65/R$3, "") -> 0 | T65: =IFERROR(IF(R65>0,($E65-S65)*S$3*100000000/$W65,""),"") | U65: =IFERROR(INDEX(블루4!$Q:$Q,MATCH($D65,블루4!$E:$E,0))/100,"") | V65: 펩트론
D66: =IF(V66="","",IFERROR(INDEX(인컴2!E:E,MATCH(V66,인컴2!E:E,0)),IFERROR(INDEX(블루1!E:E,MATCH(V66,블루1!E:E,0)),IFERROR(INDEX(블루3!E:E,MATCH(V66,블루3!E:E,0)),V66)))) | F66: =IF($D66="","",SUMIF(인컴2!$E:$E,$D66,인컴2!$N:$N)/100000000) | G66: =IFERROR(F66/F$3, "") | H66: =IFERROR(IF(F66>0,($E66-G66)*G$3*100000000/$W66,""),"") | I66: =IFERROR(INDEX(인컴2!$Q:$Q,MATCH($D66,인컴2!$E:$E,0))/100,"") | J66: =IF($D66="","",SUMIF(블루1!$E:$E,$D66,블루1!$N:$N)/100000000) | K66: =IFERROR(J66/J$3, "") | L66: =IFERROR(IF(J66>0,($E66-K66)*K$3*100000000/$W66,""),"") | M66: =IFERROR(INDEX(블루1!$Q:$Q,MATCH($D66,블루1!$E:$E,0))/100,"") | N66: =IF($D66="","",SUMIF(블루3!$E:$E,$D66,블루3!$N:$N)/100000000) | O66: =IFERROR(N66/N$3, "") | P66: =IFERROR(IF(N66>0,($E66-O66)*O$3*100000000/$W66,""),"") | Q66: =IFERROR(INDEX(블루3!$Q:$Q,MATCH($D66,블루3!$E:$E,0))/100,"") | R66: =IF($D66="","",SUMIF(블루4!$E:$E,$D66,블루4!$N:$N)/100000000) | S66: =IFERROR(R66/R$3, "") | T66: =IFERROR(IF(R66>0,($E66-S66)*S$3*100000000/$W66,""),"") | U66: =IFERROR(INDEX(블루4!$Q:$Q,MATCH($D66,블루4!$E:$E,0))/100,"")
D67: =IF(V67="","",IFERROR(INDEX(인컴2!E:E,MATCH(V67,인컴2!E:E,0)),IFERROR(INDEX(블루1!E:E,MATCH(V67,블루1!E:E,0)),IFERROR(INDEX(블루3!E:E,MATCH(V67,블루3!E:E,0)),V67)))) | F67: =IF($D67="","",SUMIF(인컴2!$E:$E,$D67,인컴2!$N:$N)/100000000) | G67: =IFERROR(F67/F$3, "") | H67: =IFERROR(IF(F67>0,($E67-G67)*G$3*100000000/$W67,""),"") | I67: =IFERROR(INDEX(인컴2!$Q:$Q,MATCH($D67,인컴2!$E:$E,0))/100,"") | J67: =IF($D67="","",SUMIF(블루1!$E:$E,$D67,블루1!$N:$N)/100000000) | K67: =IFERROR(J67/J$3, "") | L67: =IFERROR(IF(J67>0,($E67-K67)*K$3*100000000/$W67,""),"") | M67: =IFERROR(INDEX(블루1!$Q:$Q,MATCH($D67,블루1!$E:$E,0))/100,"") | N67: =IF($D67="","",SUMIF(블루3!$E:$E,$D67,블루3!$N:$N)/100000000) | O67: =IFERROR(N67/N$3, "") | P67: =IFERROR(IF(N67>0,($E67-O67)*O$3*100000000/$W67,""),"") | Q67: =IFERROR(INDEX(블루3!$Q:$Q,MATCH($D67,블루3!$E:$E,0))/100,"") | R67: =IF($D67="","",SUMIF(블루4!$E:$E,$D67,블루4!$N:$N)/100000000) | S67: =IFERROR(R67/R$3, "") | T67: =IFERROR(IF(R67>0,($E67-S67)*S$3*100000000/$W67,""),"") | U67: =IFERROR(INDEX(블루4!$Q:$Q,MATCH($D67,블루4!$E:$E,0))/100,"") | W67: =IFERROR(INDEX(인컴2!$E$1:$Q$47, MATCH(V67, 인컴2!E:E, 0), 8), "")
D68: =IF(V68="","",IFERROR(INDEX(인컴2!E:E,MATCH(V68,인컴2!E:E,0)),IFERROR(INDEX(블루1!E:E,MATCH(V68,블루1!E:E,0)),IFERROR(INDEX(블루3!E:E,MATCH(V68,블루3!E:E,0)),V68)))) | F68: =IF($D68="","",SUMIF(인컴2!$E:$E,$D68,인컴2!$N:$N)/100000000) | G68: =IFERROR(F68/F$3, "") | H68: =IFERROR(IF(F68>0,($E68-G68)*G$3*100000000/$W68,""),"") | I68: =IFERROR(INDEX(인컴2!$Q:$Q,MATCH($D68,인컴2!$E:$E,0))/100,"") | J68: =IF($D68="","",SUMIF(블루1!$E:$E,$D68,블루1!$N:$N)/100000000) | K68: =IFERROR(J68/J$3, "") | L68: =IFERROR(IF(J68>0,($E68-K68)*K$3*100000000/$W68,""),"") | M68: =IFERROR(INDEX(블루1!$Q:$Q,MATCH($D68,블루1!$E:$E,0))/100,"") | N68: =IF($D68="","",SUMIF(블루3!$E:$E,$D68,블루3!$N:$N)/100000000) | O68: =IFERROR(N68/N$3, "") | P68: =IFERROR(IF(N68>0,($E68-O68)*O$3*100000000/$W68,""),"") | Q68: =IFERROR(INDEX(블루3!$Q:$Q,MATCH($D68,블루3!$E:$E,0))/100,"") | R68: =IF($D68="","",SUMIF(블루4!$E:$E,$D68,블루4!$N:$N)/100000000) | S68: =IFERROR(R68/R$3, "") | T68: =IFERROR(IF(R68>0,($E68-S68)*S$3*100000000/$W68,""),"") | U68: =IFERROR(INDEX(블루4!$Q:$Q,MATCH($D68,블루4!$E:$E,0))/100,"") | W68: =IFERROR(INDEX(인컴2!$E$1:$Q$47, MATCH(V68, 인컴2!E:E, 0), 8), "")
C69: 기타 소계 | E69: 0 | F69: =SUM(F61:F68) -> 5.166 | G69: =IFERROR(F69/F$3, "") -> 0.061999156 | H69: =IFERROR(($E69-G69)*F$4/$W69, "") | J69: =SUM(J61:J68) -> 12.789292 | K69: =IFERROR(J69/J$3, "") -> 0.1502768 | N69: =SUM(N61:N68) -> 0 | O69: =IFERROR(N69/N$3, "") -> 0 | R69: =SUM(R61:R68) -> 1.8236 | S69: =IFERROR(R69/R$3, "") -> 0.11204501 | W69: =IFERROR(INDEX(인컴2!$E$1:$Q$47, MATCH(V69, 인컴2!E:E, 0), 7), "")
B70: =SUM(B7:B60) -> 1.02 | C70: 총 합계 | E70: =E24+E28+E32+E39+E43+E47+E51+E54+E57+E60 -> 1.02 | F70: =F24+F28+F32+F39+F43+F47+F51+F54+F57+F60 -> 80.1512 | G70: =IFERROR(F70/F$3, "") -> 0.96192542 | J70: =J24+J28+J32+J39+J43+J47+J51+J54+J57+J60 -> 80.83534 | K70: =IFERROR(J70/J$3, "") -> 0.94983181 | N70: =N24+N28+N32+N39+N43+N47+N51+N54+N57+N60 -> 79.494935 | O70: =IFERROR(N70/N$3, "") -> 0.98033969 | R70: =R24+R28+R32+R39+R43+R47+R51+R54+R57+R60 -> 14.381865 | S70: =IFERROR(R70/R$3, "") -> 0.88364564 | W70: =IFERROR(INDEX(인컴2!$E$1:$Q$47, MATCH(V70, 인컴2!E:E, 0), 7), "")
W72: =IFERROR(INDEX(인컴2!$E$1:$Q$47, MATCH(V72, 인컴2!E:E, 0), 7), "")
W73: =IFERROR(INDEX(인컴2!$E$1:$Q$47, MATCH(V73, 인컴2!E:E, 0), 7), "")
W74: =IFERROR(INDEX(인컴2!$E$1:$Q$47, MATCH(V74, 인컴2!E:E, 0), 7), "")
W75: =IFERROR(INDEX(인컴2!$E$1:$Q$47, MATCH(V75, 인컴2!E:E, 0), 7), "")
W76: =IFERROR(INDEX(인컴2!$E$1:$Q$47, MATCH(V76, 인컴2!E:E, 0), 7), "")
W77: =IFERROR(INDEX(인컴2!$E$1:$Q$47, MATCH(V77, 인컴2!E:E, 0), 7), "")
W78: =IFERROR(INDEX(인컴2!$E$1:$Q$47, MATCH(V78, 인컴2!E:E, 0), 7), "")
W79: =IFERROR(INDEX(인컴2!$E$1:$Q$47, MATCH(V79, 인컴2!E:E, 0), 7), "")

Sheet 인컴2
A1: NO | B1: 펀드 | C1: 펀드명 | D1: 종목 | E1: 종목명 | F1: 전일 | J1: 당일 | O1: 전일 대비 손익 | P1: 취득액 대비 손익(전체) (LONG손익 +차입매도분손익) | Q1: 취득액 대비 손익비율 (전체) | R1: 전일대비 종목증감비율
F2: 보유주수 | G2: 종가 | H2: 취득액 | I2: LONG평가금액 +차입매도분평가금액 | J2: 체결기준 보유주수 | K2: 주문기준 보유주수 | L2: 현재가 | M2: 취득액 | N2: LONG평가금액 +차입매도분평가금액 ▼
A3: 1 | B3: 300019 | C3: 이지스 인컴플러스 일반사모투자신탁 제2호 | D3: KR7367760006 | E3: RISE 네트워크인프라 | F3: 17000 | G3: 75230 | H3: 1073226194 | I3: 1278910000 | J3: 17000 | K3: 17000 | L3: 74805 | M3: 1073226194 | N3: 1271685000 | O3: -7225000 | P3: 198458806 | Q3: 18.49 | R3: -0.56
A4: 2 | B4: 300019 | C4: 이지스 인컴플러스 일반사모투자신탁 제2호 | D4: KR7087010005 | E4: 펩트론 | F4: 2800 | G4: 180700 | H4: 767200000 | I4: 505960000 | J4: 2800 | K4: 2800 | L4: 184500 | M4: 767200000 | N4: 516600000 | O4: 10640000 | P4: -250600000 | Q4: -32.66 | R4: 2.1
A5: 3 | B5: 300019 | C5: 이지스 인컴플러스 일반사모투자신탁 제2호 | D5: KR7233740000 | E5: KODEX 코스닥150레버리지 | F5: 50000 | G5: 9050 | H5: 740273056 | I5: 452500000 | J5: 50000 | K5: 50000 | L5: 8715 | M5: 740273056 | N5: 435750000 | O5: -16750000 | P5: -304523056 | Q5: -41.13 | R5: -3.7
A6: 4 | B6: 300019 | C6: 이지스 인컴플러스 일반사모투자신탁 제2호 | D6: KR7160980009 | E6: 싸이맥스 | F6: 10000 | G6: 38550 | H6: 347526041 | I6: 385500000 | J6: 10000 | K6: 10000 | L6: 36850 | M6: 347526041 | N6: 368500000 | O6: -17000000 | P6: 20973959 | Q6: 6.03 | R6: -4.4
A7: 5 | B7: 300019 | C7: 이지스 인컴플러스 일반사모투자신탁 제2호 | D7: KR70043Y0003 | E7: TIME 차이나AI테크액티브 | F7: 13000 | G7: 25850 | H7: 252823876 | I7: 336050000 | J7: 13000 | K7: 13000 | L7: 26190 | M7: 252823876 | N7: 340470000 | O7: 4420000 | P7: 87646124 | Q7: 34.66 | R7: 1.31
A8: 6 | B8: 300019 | C8: 이지스 인컴플러스 일반사모투자신탁 제2호 | D8: KR7005930003 | E8: 삼성전자 | F8: 1000 | G8: 309500 | H8: 359572338 | I8: 309500000 | J8: 1000 | K8: 1000 | L8: 318500 | M8: 359572338 | N8: 318500000 | O8: 9000000 | P8: -41072338 | Q8: -11.42 | R8: 2.9
A9: 7 | B9: 300019 | C9: 이지스 인컴플러스 일반사모투자신탁 제2호 | D9: KR7466930005 | E9: SOL 자동차TOP3플러스 | F9: 10000 | G9: 30345 | H9: 308870498 | I9: 303450000 | J9: 10000 | K9: 10000 | L9: 30775 | M9: 308870498 | N9: 307750000 | O9: 4300000 | P9: -1120498 | Q9: -0.36 | R9: 1.41
A10: 8 | B10: 300019 | C10: 이지스 인컴플러스 일반사모투자신탁 제2호 | D10: KR70117V0007 | E10: TIGER 코리아AI전력기기TOP3플러스 | F10: 13000 | G10: 22210 | H10: 295962447 | I10: 288730000 | J10: 13000 | K10: 13000 | L10: 21445 | M10: 295962447 | N10: 278785000 | O10: -9945000 | P10: -17177447 | Q10: -5.8 | R10: -3.44
A11: 9 | B11: 300019 | C11: 이지스 인컴플러스 일반사모투자신탁 제2호 | D11: KR7261140008 | E11: TIGER 우선주 | F11: 10000 | G11: 26955 | H11: 300715905 | I11: 269550000 | J11: 10000 | K11: 10000 | L11: 27250 | M11: 300715905 | N11: 272500000 | O11: 2950000 | P11: -28215905 | Q11: -9.38 | R11: 1.09
A12: 10 | B12: 300019 | C12: 이지스 인컴플러스 일반사모투자신탁 제2호 | D12: KR7034020008 | E12: 두산에너빌리티 | F12: 3000 | G12: 86200 | H12: 271800000 | I12: 258600000 | J12: 3000 | K12: 3000 | L12: 87800 | M12: 271800000 | N12: 263400000 | O12: 4800000 | P12: -8400000 | Q12: -3.09 | R12: 1.85
A13: 11 | B13: 300019 | C13: 이지스 인컴플러스 일반사모투자신탁 제2호 | D13: KR7000150003 | E13: 두산 | F13: 170 | G13: 1433000 | H13: 271896410 | I13: 243610000 | J13: 170 | K13: 170 | L13: 1471000 | M13: 271896410 | N13: 250070000 | O13: 6460000 | P13: -21826410 | Q13: -8.02 | R13: 2.65
A14: 12 | B14: 300019 | C14: 이지스 인컴플러스 일반사모투자신탁 제2호 | D14: KR7475300000 | E14: SOL 반도체전공정 | F14: 10000 | G14: 25500 | H14: 249931704 | I14: 255000000 | J14: 10000 | K14: 10000 | L14: 24420 | M14: 249931704 | N14: 244200000 | O14: -10800000 | P14: -5731704 | Q14: -2.29 | R14: -4.23
... A44: 42 | B44: 300019 | C44: 이지스 인컴플러스 일반사모투자신탁 제2호 | D44: KR7365660000 | E44: 레몬헬스케어 | F44: 2 | G44: 0 | H44: 20200 | I44: 20200 | J44: 0 | K44: 0 | L44: 16250 | M44: 0 | N44: 0 | O44: 30660 | P44: 10460 | Q44: 51.78 | R44: 0
H45: 9616620162 | I45: 8585806765 | J45: 335747 | K45: 335747 | M45: 9616599962 | N45: 8538276035 | O45: -47479870 | P45: -1078313467

Sheet 블루1
A1: NO | B1: 펀드 | C1: 펀드명 | D1: 종목 | E1: 종목명 | F1: 전일 | J1: 당일 | O1: 전일 대비 손익 | P1: 취득액 대비 손익(전체) (LONG손익 +차입매도분손익) | Q1: 취득액 대비 손익비율 (전체) | R1: 전일대비 종목증감비율
F2: 보유주수 | G2: 종가 | H2: 취득액 | I2: LONG평가금액 +차입매도분평가금액 | J2: 체결기준 보유주수 | K2: 주문기준 보유주수 | L2: 현재가 | M2: 취득액 | N2: LONG평가금액 +차입매도분평가금액 ▼
A3: 1 | B3: 300037 | C3: 이지스블루ON일반사모투자신탁제1호 | D3: KR7000150003 | E3: 두산 | F3: 170 | G3: 1433000 | H3: 271896910 | I3: 243610000 | J3: 170 | K3: 170 | L3: 1465000 | M3: 271896910 | N3: 249050000 | O3: 5440000 | P3: -22846910 | Q3: -8.4 | R3: 2.23
A4: 2 | B4: 300037 | C4: 이지스블루ON일반사모투자신탁제1호 | D4: KR7000660001 | E4: SK하이닉스 | F4: 50 | G4: 2425000 | H4: 112333914 | I4: 121250000 | J4: 50 | K4: 50 | L4: 2429000 | M4: 112333914 | N4: 121450000 | O4: 200000 | P4: 9116086 | Q4: 8.11 | R4: 0.16
A5: 3 | B5: 300037 | C5: 이지스블루ON일반사모투자신탁제1호 | D5: KR70008T0003 | E5: SOL 화장품TOP3플러스 | F5: 7000 | G5: 14870 | H5: 104069873 | I5: 104090000 | J5: 7000 | K5: 7000 | L5: 15385 | M5: 104069873 | N5: 107695000 | O5: 3605000 | P5: 3625127 | Q5: 3.48 | R5: 3.46
A6: 4 | B6: 300037 | C6: 이지스블루ON일반사모투자신탁제1호 | D6: KR7000990002 | E6: DB하이텍 | F6: 1200 | G6: 120700 | H6: 219264951 | I6: 144840000 | J6: 1200 | K6: 1200 | L6: 114000 | M6: 219264951 | N6: 136800000 | O6: -8040000 | P6: -82464951 | Q6: -37.6 | R6: -5.55
A7: 5 | B7: 300037 | C7: 이지스블루ON일반사모투자신탁제1호 | D7: KR7002990000 | E7: 금호건설 | F7: 27800 | G7: 9500 | H7: 99787822 | I7: 264100000 | J7: 27800 | K7: 27800 | L7: 9110 | M7: 99787822 | N7: 253258000 | O7: -10842000 | P7: 153470178 | Q7: 153.79 | R7: -4.1
A8: 6 | B8: 300037 | C8: 이지스블루ON일반사모투자신탁제1호 | D8: KR7003550001 | E8: LG | F8: 2300 | G8: 101100 | H8: 238732025 | I8: 232530000 | J8: 2300 | K8: 2300 | L8: 102400 | M8: 238732025 | N8: 235520000 | O8: 2990000 | P8: -3212025 | Q8: -1.34 | R8: 1.28
A9: 7 | B9: 300037 | C9: 이지스블루ON일반사모투자신탁제1호 | D9: KR70043Y0003 | E9: TIME 차이나AI테크액티브 | F9: 11000 | G9: 25850 | H9: 235686795 | I9: 284350000 | J9: 11000 | K9: 11000 | L9: 26240 | M9: 235686795 | N9: 288640000 | O9: 4290000 | P9: 52953205 | Q9: 22.46 | R9: 1.5
A10: 8 | B10: 300037 | C10: 이지스블루ON일반사모투자신탁제1호 | D10: KR7005930003 | E10: 삼성전자 | F10: 1000 | G10: 309500 | H10: 359574088 | I10: 309500000 | J10: 1000 | K10: 1000 | L10: 316500 | M10: 359574088 | N10: 316500000 | O10: 7000000 | P10: -43074088 | Q10: -11.97 | R10: 2.26
A11: 9 | B11: 300037 | C11: 이지스블루ON일반사모투자신탁제1호 | D11: KR70088M0003 | E11: 메쥬 | F11: 57 | G11: 14510 | H11: 1243512 | I11: 827070 | J11: 57 | K11: 57 | L11: 14510 | M11: 1243512 | N11: 827070 | O11: 0 | P11: -416442 | Q11: -33.48 | R11: 0
A12: 10 | B12: 300037 | C12: 이지스블루ON일반사모투자신탁제1호 | D12: KR7009151002 | E12: 삼성전기우 | F12: 250 | G12: 695000 | H12: 225852663 | I12: 173750000 | J12: 250 | K12: 250 | L12: 669000 | M12: 225852663 | N12: 167250000 | O12: -6500000 | P12: -58602663 | Q12: -25.94 | R12: -3.74
A13: 11 | B13: 300037 | C13: 이지스블루ON일반사모투자신탁제1호 | D13: KR7010780005 | E13: 아이에스동서 | F13: 10100 | G13: 21900 | H13: 201062050 | I13: 221190000 | J13: 10100 | K13: 10100 | L13: 22400 | M13: 201062050 | N13: 226240000 | O13: 5050000 | P13: 25177950 | Q13: 12.52 | R13: 2.28
A14: 12 | B14: 300037 | C14: 이지스블루ON일반사모투자신탁제1호 | D14: KR70117V0007 | E14: TIGER 코리아AI전력기기TOP3플러스 | F14: 13000 | G14: 22210 | H14: 295959103 | I14: 288730000 | J14: 13000 | K14: 13000 | L14: 21455 | M14: 295959103 | N14: 278915000 | O14: -9815000 | P14: -17044103 | Q14: -5.75 | R14: -3.39
... A44: 42 | B44: 300037 | C44: 이지스블루ON일반사모투자신탁제1호 | D44: KR7494340003 | E44: ACE 글로벌AI맞춤형반도체 | F44: 8000 | G44: 24890 | H44: 215715755 | I44: 199120000 | J44: 8000 | K44: 8000 | L44: 25155 | M44: 215715755 | N44: 201240000 | O44: 2120000 | P44: -14475755 | Q44: -6.71 | R44: 1.06
H45: 10088779670 | I45: 9447451830 | J45: 624074 | K45: 624074 | M45: 10088759470 | N45: 9368547570 | O45: -78853400 | P45: -720201440

Sheet 블루3
A1: NO | B1: 펀드 | C1: 펀드명 | D1: 종목 | E1: 종목명 | F1: 전일 | J1: 당일 | O1: 전일 대비 손익 | P1: 취득액 대비 손익(전체) (LONG손익 +차입매도분손익) | Q1: 취득액 대비 손익비율 (전체) | R1: 전일대비 종목증감비율
F2: 보유주수 | G2: 종가 | H2: 취득액 | I2: LONG평가금액 +차입매도분평가금액 | J2: 체결기준 보유주수 | K2: 주문기준 보유주수 | L2: 현재가 | M2: 취득액 | N2: LONG평가금액 +차입매도분평가금액 ▼
A3: 1 | B3: 300085 | C3: 이지스블루ON일반사모투자신탁제3호 | D3: KR7000150003 | E3: 두산 | F3: 170 | G3: 1433000 | H3: 271912630 | I3: 243610000 | J3: 170 | K3: 170 | L3: 1465000 | M3: 271912630 | N3: 249050000 | O3: 5440000 | P3: -22862630 | Q3: -8.4 | R3: 2.23
A4: 2 | B4: 300085 | C4: 이지스블루ON일반사모투자신탁제3호 | D4: KR7000660001 | E4: SK하이닉스 | F4: 50 | G4: 2425000 | H4: 112333413 | I4: 121250000 | J4: 50 | K4: 50 | L4: 2429000 | M4: 112333413 | N4: 121450000 | O4: 200000 | P4: 9116587 | Q4: 8.11 | R4: 0.16
A5: 3 | B5: 300085 | C5: 이지스블루ON일반사모투자신탁제3호 | D5: KR70008T0003 | E5: SOL 화장품TOP3플러스 | F5: 7000 | G5: 14870 | H5: 104010625 | I5: 104090000 | J5: 7000 | K5: 7000 | L5: 15385 | M5: 104010625 | N5: 107695000 | O5: 3605000 | P5: 3684375 | Q5: 3.54 | R5: 3.46
A6: 4 | B6: 300085 | C6: 이지스블루ON일반사모투자신탁제3호 | D6: KR7000990002 | E6: DB하이텍 | F6: 1200 | G6: 120700 | H6: 219271160 | I6: 144840000 | J6: 1200 | K6: 1200 | L6: 114000 | M6: 219271160 | N6: 136800000 | O6: -8040000 | P6: -82471160 | Q6: -37.61 | R6: -5.55
A7: 5 | B7: 300085 | C7: 이지스블루ON일반사모투자신탁제3호 | D7: KR7003550001 | E7: LG | F7: 2300 | G7: 101100 | H7: 238750907 | I7: 232530000 | J7: 2300 | K7: 2300 | L7: 102400 | M7: 238750907 | N7: 235520000 | O7: 2990000 | P7: -3230907 | Q7: -1.35 | R7: 1.28
A8: 6 | B8: 300085 | C8: 이지스블루ON일반사모투자신탁제3호 | D8: KR70043Y0003 | E8: TIME 차이나AI테크액티브 | F8: 11000 | G8: 25850 | H8: 235986793 | I8: 284350000 | J8: 11000 | K8: 11000 | L8: 26240 | M8: 235986793 | N8: 288640000 | O8: 4290000 | P8: 52653207 | Q8: 22.31 | R8: 1.5
A9: 7 | B9: 300085 | C9: 이지스블루ON일반사모투자신탁제3호 | D9: KR7005930003 | E9: 삼성전자 | F9: 1000 | G9: 309500 | H9: 359781920 | I9: 309500000 | J9: 1000 | K9: 1000 | L9: 316500 | M9: 359781920 | N9: 316500000 | O9: 7000000 | P9: -43281920 | Q9: -12.03 | R9: 2.26
A10: 8 | B10: 300085 | C10: 이지스블루ON일반사모투자신탁제3호 | D10: KR7009151002 | E10: 삼성전기우 | F10: 250 | G10: 695000 | H10: 225975740 | I10: 173750000 | J10: 250 | K10: 250 | L10: 669000 | M10: 225975740 | N10: 167250000 | O10: -6500000 | P10: -58725740 | Q10: -25.98 | R10: -3.74
A11: 9 | B11: 300085 | C11: 이지스블루ON일반사모투자신탁제3호 | D11: KR7010780005 | E11: 아이에스동서 | F11: 8000 | G11: 21900 | H11: 207612084 | I11: 175200000 | J11: 8000 | K11: 8000 | L11: 22400 | M11: 207612084 | N11: 179200000 | O11: 4000000 | P11: -28412084 | Q11: -13.68 | R11: 2.28
A12: 10 | B12: 300085 | C12: 이지스블루ON일반사모투자신탁제3호 | D12: KR70117V0007 | E12: TIGER 코리아AI전력기기TOP3플러스 | F12: 13000 | G12: 22210 | H12: 296005977 | I12: 288730000 | J12: 13000 | K12: 13000 | L12: 21455 | M12: 296005977 | N12: 278915000 | O12: -9815000 | P12: -17090977 | Q12: -5.77 | R12: -3.39
A13: 11 | B13: 300085 | C13: 이지스블루ON일반사모투자신탁제3호 | D13: KR7012450003 | E13: 한화에어로스페이스 | F13: 100 | G13: 1175000 | H13: 114676849 | I13: 117500000 | J13: 100 | K13: 100 | L13: 1191000 | M13: 114676849 | N13: 119100000 | O13: 1600000 | P13: 4423151 | Q13: 3.85 | R13: 1.36
A14: 12 | B14: 300085 | C14: 이지스블루ON일반사모투자신탁제3호 | D14: KR70148J0006 | E14: TIGER 코리아휴머노이드로봇산업 | F14: 20000 | G14: 9435 | H14: 264240479 | I14: 188700000 | J14: 20000 | K14: 20000 | L14: 9310 | M14: 264240479 | N14: 186200000 | O14: -2500000 | P14: -78040479 | Q14: -29.53 | R14: -1.32
... A38: 36 | B38: 300085 | C38: 이지스블루ON일반사모투자신탁제3호 | D38: KR7494340003 | E38: ACE 글로벌AI맞춤형반도체 | F38: 8000 | G38: 24890 | H38: 215756091 | I38: 199120000 | J38: 8000 | K38: 8000 | L38: 25155 | M38: 215756091 | N38: 201240000 | O38: 2120000 | P38: -14516091 | Q38: -6.72 | R38: 1.06
H39: 20259769310 | I39: 19595464500 | J39: 544516 | K39: 544516 | M39: 20259769310 | N39: 19524597200 | O39: -70867300 | P39: -735172110

Sheet 블루4
A1: NO | B1: 펀드 | C1: 펀드명 | D1: 종목 | E1: 종목명 | F1: 전일 | J1: 당일 | O1: 전일 대비 손익 | P1: 취득액 대비 손익(전체) (LONG손익 +차입매도분손익) | Q1: 취득액 대비 손익비율 (전체) | R1: 전일대비 종목증감비율
F2: 보유주수 | G2: 종가 | H2: 취득액 | I2: LONG평가금액 +차입매도분평가금액 | J2: 체결기준 보유주수 | K2: 주문기준 보유주수 | L2: 현재가 | M2: 취득액 | N2: LONG평가금액 +차입매도분평가금액 ▼
A3: 1 | B3: 300091 | C3: 이지스블루ON일반사모투자신탁제4호 | D3: KR7000150003 | E3: 두산 | F3: 87 | G3: 1433000 | H3: 141320880 | I3: 124671000 | J3: 87 | K3: 87 | L3: 1465000 | M3: 141320880 | N3: 127455000 | O3: 2784000 | P3: -13865880 | Q3: -9.81 | R3: 2.23
A4: 2 | B4: 300091 | C4: 이지스블루ON일반사모투자신탁제4호 | D4: KR7000660001 | E4: SK하이닉스 | F4: 80 | G4: 2425000 | H4: 223412998 | I4: 194000000 | J4: 80 | K4: 80 | L4: 2429000 | M4: 223412998 | N4: 194320000 | O4: 320000 | P4: -29092998 | Q4: -13.02 | R4: 0.16
A5: 3 | B5: 300091 | C5: 이지스블루ON일반사모투자신탁제4호 | D5: KR70008T0003 | E5: SOL 화장품TOP3플러스 | F5: 7000 | G5: 14870 | H5: 104069874 | I5: 104090000 | J5: 7000 | K5: 7000 | L5: 15385 | M5: 104069874 | N5: 107695000 | O5: 3605000 | P5: 3625126 | Q5: 3.48 | R5: 3.46
A6: 4 | B6: 300091 | C6: 이지스블루ON일반사모투자신탁제4호 | D6: KR7005930003 | E6: 삼성전자 | F6: 800 | G6: 309500 | H6: 286252099 | I6: 247600000 | J6: 800 | K6: 800 | L6: 316500 | M6: 286252099 | N6: 253200000 | O6: 5600000 | P6: -33052099 | Q6: -11.54 | R6: 2.26
A7: 5 | B7: 300091 | C7: 이지스블루ON일반사모투자신탁제4호 | D7: KR7009150004 | E7: 삼성전기 | F7: 94 | G7: 1989000 | H7: 202986871 | I7: 186966000 | J7: 94 | K7: 94 | L7: 1940000 | M7: 202986871 | N7: 182360000 | O7: -4606000 | P7: -20626871 | Q7: -10.16 | R7: -2.46
A8: 6 | B8: 300091 | C8: 이지스블루ON일반사모투자신탁제4호 | D8: KR7009151002 | E8: 삼성전기우 | F8: 250 | G8: 695000 | H8: 225852724 | I8: 173750000 | J8: 250 | K8: 250 | L8: 669000 | M8: 225852724 | N8: 167250000 | O8: -6500000 | P8: -58602724 | Q8: -25.94 | R8: -3.74
A9: 7 | B9: 300091 | C9: 이지스블루ON일반사모투자신탁제4호 | D9: KR7010780005 | E9: 아이에스동서 | F9: 3000 | G9: 21900 | H9: 72491440 | I9: 65700000 | J9: 3000 | K9: 3000 | L9: 22400 | M9: 72491440 | N9: 67200000 | O9: 1500000 | P9: -5291440 | Q9: -7.29 | R9: 2.28
A10: 8 | B10: 300091 | C10: 이지스블루ON일반사모투자신탁제4호 | D10: KR7012450003 | E10: 한화에어로스페이스 | F10: 50 | G10: 1175000 | H10: 57330421 | I10: 58750000 | J10: 50 | K10: 50 | L10: 1191000 | M10: 57330421 | N10: 59550000 | O10: 800000 | P10: 2219579 | Q10: 3.87 | R10: 1.36
A11: 9 | B11: 300091 | C11: 이지스블루ON일반사모투자신탁제4호 | D11: KR70168K0008 | E11: TIGER 기술이전바이오액티브 | F11: 10000 | G11: 7180 | H11: 75810415 | I11: 71800000 | J11: 10000 | K11: 10000 | L11: 6945 | M11: 75810415 | N11: 69450000 | O11: -2350000 | P11: -6360415 | Q11: -8.38 | R11: -3.27
A12: 10 | B12: 300091 | C12: 이지스블루ON일반사모투자신탁제4호 | D12: KR7075580001 | E12: 세진중공업 | F12: 100 | G12: 13430 | H12: 1373412 | I12: 1343000 | J12: 100 | K12: 100 | L12: 13690 | M12: 1373412 | N12: 1369000 | O12: 26000 | P12: -4412 | Q12: -0.32 | R12: 1.93
A13: 11 | B13: 300091 | C13: 이지스블루ON일반사모투자신탁제4호 | D13: KR7214450009 | E13: 파마리서치 | F13: 350 | G13: 341000 | H13: 115111022 | I13: 119350000 | J13: 350 | K13: 350 | L13: 325500 | M13: 115111022 | N13: 113925000 | O13: -5425000 | P13: -1186022 | Q13: -1.03 | R13: -4.54
A14: 12 | B14: 300091 | C14: 이지스블루ON일반사모투자신탁제4호 | D14: KR7233740000 | E14: KODEX 코스닥150레버리지 | F14: 10000 | G14: 9050 | H14: 109366001 | I14: 90500000 | J14: 10000 | K14: 10000 | L14: 8705 | M14: 109366001 | N14: 87050000 | O14: -3450000 | P14: -22316001 | Q14: -20.4 | R14: -3.81
... A17: 15 | B17: 300091 | C17: 이지스블루ON일반사모투자신탁제4호 | D17: KR7469830004 | E17: SOL 초단기채권액티브 | F17: 55000 | G17: 54065 | H17: 2971439015 | I17: 2973575000 | J17: 55000 | K17: 55000 | L17: 54070 | M17: 2971439015 | N17: 2973850000 | O17: 275000 | P17: 2410985 | Q17: 0.08 | R17: 0
H18: 4784077283 | I18: 4597752500 | J18: 90361 | K18: 90361 | M18: 4784077283 | N18: 4594396500 | O18: -3356000 | P18: -189680783

Sheet 아이타스41718_편드편입비정보
A1: No | B1: 처리일 | C1: 펀드코드 | D1: 펀드명 | E1: 펀드유형 | F1: 기준가 | G1: 기준가증감 | H1: 원본액 | I1: 원본액증감 | J1: 순자산(전) | K1: 순자산(후) | L1: 순자산증감 | M1: 총자산액 | N1: 국내자산 | P1: 주식 | R1: 채권 | T1: CD/CP | V1: 현금 | X1: 수익증권 | Z1: 장내선물옵션 | AB1: 기타파생 | AD1: 기타자산 | AF1: 해외자산 | AH1: 해외주식 | AJ1: 해외채권 | AL1: 해외현금 | AN1: 해외수익증권 | AP1: 해외파생 | AR1: 해외기타 | AT1: 주식+선물 | AU1: 주식 약관비상한 | AV1: 채권+선물 | AW1: 채권 약관비상한 | AX1: 수익자
N2: 평가액 | O2: 편입비 | P2: 평가액 | Q2: 편입비 | R2: 평가액 | S2: 편입비 | T2: 평가액 | U2: 편입비 | V2: 평가액 | W2: 편입비 | X2: 평가액 | Y2: 편입비 | Z2: 평가액 | AA2: 편입비 | AB2: 평가액 | AC2: 편입비 | AD2: 평가액 | AE2: 편입비 | AF2: 평가액 | AG2: 편입비 | AH2: 평가액 | AI2: 편입비 | AJ2: 평가액 | AK2: 편입비 | AL2: 평가액 | AM2: 편입비 | AN2: 평가액 | AO2: 편입비 | AP2: 평가액 | AQ2: 편입비 | AR2: 평가액 | AS2: 편입비
A3: 1 | B3: 46208 | C3: 300001 | D3: 이지스 인컴플러스 일반사모투자신탁 제1호 | E3: 혼합채권형 | F3: 1330.57 | G3: 0.029107 | H3: 11529804792 | I3: 0 | J3: 15341174665 | K3: 15341174665 | L3: 335595 | M3: 16986558243 | N3: 16986558243 | O3: 110.73 | P3: 10614151880 | Q3: 69.19 | R3: 0 | S3: 0 | T3: 0 | U3: 0 | V3: 5361206363 | W3: 34.95 | X3: 0 | Y3: 0 | Z3: 0 | AA3: 0 | AB3: 0 | AC3: 0 | AD3: 1011200000 | AE3: 6.59 | AF3: 0 | AG3: 0 | AH3: 0 | AI3: 0 | AJ3: 0 | AK3: 0 | AL3: 0 | AM3: 0 | AN3: 0 | AO3: 0 | AP3: 0 | AQ3: 0 | AR3: 0 | AS3: 0 | AT3: 69.19 | AU3: 50 | AV3: 0 | AW3: 0
A4: 2 | B4: 46208 | C4: 300019 | D4: 이지스 인컴플러스 일반사모투자신탁 제2호 | E4: 혼합채권형 | F4: 1399.18 | G4: 0.059712 | H4: 15500000000 | I4: 0 | J4: 21687302551 | K4: 21687302551 | L4: 925533 | M4: 22072152274 | N4: 22072152274 | O4: 101.77 | P4: 8585806765 | Q4: 39.59 | R4: 12838331000 | S4: 59.2 | T4: 0 | U4: 0 | V4: 622191209 | W4: 2.87 | X4: 0 | Y4: 0 | Z4: 0 | AA4: 0 | AB4: 0 | AC4: 0 | AD4: 25823300 | AE4: 0.12 | AF4: 0 | AG4: 0 | AH4: 0 | AI4: 0 | AJ4: 0 | AK4: 0 | AL4: 0 | AM4: 0 | AN4: 0 | AO4: 0 | AP4: 0 | AQ4: 0 | AR4: 0 | AS4: 0 | AT4: 39.59 | AU4: 50 | AV4: 59.2 | AW4: 0
A5: 3 | B5: 46208 | C5: 300037 | D5: 이지스블루ON일반사모투자신탁제1호 | E5: 혼합자산 | F5: 1140.57 | G5: 0.028338 | H5: 16000000000 | I5: 0 | J5: 18249124617 | K5: 18249124617 | L5: 453417 | M5: 18645566943 | N5: 18645566943 | O5: 102.17 | P5: 9447451830 | Q5: 51.77 | R5: 8459705500 | S5: 46.36 | T5: 0 | U5: 0 | V5: 673534463 | W5: 3.69 | X5: 0 | Y5: 0 | Z5: 0 | AA5: 0 | AB5: 0 | AC5: 0 | AD5: 64875150 | AE5: 0.36 | AF5: 0 | AG5: 0 | AH5: 0 | AI5: 0 | AJ5: 0 | AK5: 0 | AL5: 0 | AM5: 0 | AN5: 0 | AO5: 0 | AP5: 0 | AQ5: 0 | AR5: 0 | AS5: 0 | AT5: 51.77 | AU5: 100 | AV5: 46.36 | AW5: 100
A6: 4 | B6: 46208 | C6: 300039 | D6: 이지스멀티드래곤일반사모투자신탁제2호 | E6: 혼합자산 | F6: 1187.78 | G6: 0.00445 | H6: 20500000000 | I6: 0 | J6: 24349512377 | K6: 24349512377 | L6: 91229 | M6: 24365600176 | N6: 24365600176 | O6: 100.07 | P6: 2463755 | Q6: 0.01 | R6: 0 | S6: 0 | T6: 0 | U6: 0 | V6: 5046007258 | W6: 20.72 | X6: 19317129163 | Y6: 79.33 | Z6: 0 | AA6: 0 | AB6: 0 | AC6: 0 | AD6: 0 | AE6: 0 | AF6: 0 | AG6: 0 | AH6: 0 | AI6: 0 | AJ6: 0 | AK6: 0 | AL6: 0 | AM6: 0 | AN6: 0 | AO6: 0 | AP6: 0 | AQ6: 0 | AR6: 0 | AS6: 0 | AT6: 0.01 | AU6: 100 | AV6: 0 | AW6: 0
A7: 5 | B7: 46208 | C7: 300061 | D7: 이지스블랙ON일반사모투자신탁제1호 | E7: 혼합자산 | F7: 1309.93 | G7: -0.034326 | H7: 20200000000 | I7: 0 | J7: 26460517925 | K7: 26460517925 | L7: -693379 | M7: 26733317025 | N7: 18806234196 | O7: 71.07 | P7: 13784672845 | Q7: 52.1 | R7: 3304383500 | S7: 12.49 | T7: 0 | U7: 0 | V7: 653887120 | W7: 2.47 | X7: 0 | Y7: 0 | Z7: -5366062500 | AA7: -20.28 | AB7: 0 | AC7: 0 | AD7: 1063290731 | AE7: 4.02 | AF7: 7925604444 | AG7: 29.95 | AH7: 0 | AI7: 0 | AJ7: 0 | AK7: 0 | AL7: 3026684949 | AM7: 11.44 | AN7: 4898919495 | AO7: 18.51 | AP7: 2015686793 | AQ7: 7.62 | AR7: 0 | AS7: 0 | AT7: 49.71 | AU7: 100 | AV7: 12.49 | AW7: 100
A8: 6 | B8: 46208 | C8: 300080 | D8: 이지스블루ON일반사모투자신탁제2호 | E8: 주식형 | F8: 923.76 | G8: 0.001303 | H8: 11462570654 | I8: 0 | J8: 10588645948 | K8: 10588645948 | L8: 14937 | M8: 10764049488 | N8: 10764049488 | O8: 101.66 | P8: 10310708845 | Q8: 97.38 | R8: 0 | S8: 0 | T8: 0 | U8: 0 | V8: 382538923 | W8: 3.61 | X8: 0 | Y8: 0 | Z8: 0 | AA8: 0 | AB8: 0 | AC8: 0 | AD8: 70801720 | AE8: 0.67 | AF8: 0 | AG8: 0 | AH8: 0 | AI8: 0 | AJ8: 0 | AK8: 0 | AL8: 0 | AM8: 0 | AN8: 0 | AO8: 0 | AP8: 0 | AQ8: 0 | AR8: 0 | AS8: 0 | AT8: 97.38 | AU8: 0 | AV8: 0 | AW8: 0
A9: 7 | B9: 46208 | C9: 300085 | D9: 이지스블루ON일반사모투자신탁제3호 | E9: 재간접형 | F9: 979.15 | G9: -0.023271 | H9: 20097833000 | I9: 0 | J9: 19678827297 | K9: 19678827297 | L9: -467694 | M9: 20081694991 | N9: 20081694991 | O9: 102.05 | P9: 8025554500 | Q9: 40.78 | R9: 11569910000 | S9: 58.79 | T9: 0 | U9: 0 | V9: 460400916 | W9: 2.34 | X9: 0 | Y9: 0 | Z9: 0 | AA9: 0 | AB9: 0 | AC9: 0 | AD9: 25829575 | AE9: 0.13 | AF9: 0 | AG9: 0 | AH9: 0 | AI9: 0 | AJ9: 0 | AK9: 0 | AL9: 0 | AM9: 0 | AN9: 0 | AO9: 0 | AP9: 0 | AQ9: 0 | AR9: 0 | AS9: 0 | AT9: 40.78 | AU9: 50 | AV9: 58.79 | AW9: 0
A10: 8 | B10: 46208 | C10: 300090 | D10: 이지스그린ON일반사모투자신탁제5호 | E10: 재간접형 | F10: 957.64 | G10: -0.020342 | H10: 12719448307 | I10: 0 | J10: 12180627538 | K10: 12180627538 | L10: -258737 | M10: 12224565417 | N10: 12224565417 | O10: 100.36 | P10: 5253452850 | Q10: 43.13 | R10: 6217475000 | S10: 51.04 | T10: 0 | U10: 0 | V10: 221797032 | W10: 1.82 | X10: 0 | Y10: 0 | Z10: 0 | AA10: 0 | AB10: 0 | AC10: 0 | AD10: 531840535 | AE10: 4.37 | AF10: 0 | AG10: 0 | AH10: 0 | AI10: 0 | AJ10: 0 | AK10: 0 | AL10: 0 | AM10: 0 | AN10: 0 | AO10: 0 | AP10: 0 | AQ10: 0 | AR10: 0 | AS10: 0 | AT10: 43.13 | AU10: 50 | AV10: 51.04 | AW10: 0
A11: 9 | B11: 46208 | C11: 300091 | D11: 이지스블루ON일반사모투자신탁제4호 | E11: 혼합자산 | F11: 956.7 | G11: -0.023248 | H11: 5000000000 | I11: 0 | J11: 4783495234 | K11: 4783495234 | L11: -116240 | M11: 4966641968 | N11: 4966641968 | O11: 103.83 | P11: 1624177500 | Q11: 33.95 | R11: 2973575000 | S11: 62.16 | T11: 0 | U11: 0 | V11: 368889468 | W11: 7.71 | X11: 0 | Y11: 0 | Z11: 0 | AA11: 0 | AB11: 0 | AC11: 0 | AD11: 0 | AE11: 0 | AF11: 0 | AG11: 0 | AH11: 0 | AI11: 0 | AJ11: 0 | AK11: 0 | AL11: 0 | AM11: 0 | AN11: 0 | AO11: 0 | AP11: 0 | AQ11: 0 | AR11: 0 | AS11: 0 | AT11: 33.95 | AU11: 0 | AV11: 62.16 | AW11: 0
